0,349.5,699,1048.5,1398,1747.5,2097,2446.5,2796,3145.5,3495,3844.5,4194,4543.5,4893,5242.5,5592,5941.5,6291,6640.5,6990,7339.5,7689,8038.5,8388,8737.5,9087,9436.5,9786,10135.5,10485,10834.5,11184,11533.5,11883,12232.5,12582,12931.5,13281,13630.5,13980,14329.5,14679,15028.5,15378,15727.5,16077,16426.5,16776,17125.5,17475,17824.5,18174,18523.5,18873,19222.5,19572,19921.5,20271,20620.5,20970,21319.5,21669,22018.5,22368,22717.5,23067,23416.5,23766,24115.5,24465,24814.5,25164,25513.5,25863,26212.5,26562,26911.5,27261,27610.5,27960,28309.5,28659,29008.5,29358,29707.5,30057,30406.5,30756,31105.5,31455,31804.5,32154,32503.5,32853,33202.5,33552,33901.5,34251,34600.5,34950
0.31,0.0162457241292571,0.0354216364723276,0.0559311309204034,0.0774357128600051,0.0997742751647177,0.122852075497291,0.146605659529267,0.170987510343601,0.195957489445038,0.221476814434083,0.247502117148247,0.27397736736151,0.300818868002112,0.327876206973982,0.354758428984163,0.384371085948519,0.419454221600778,0.456349283141089,0.49458958830752,0.533976154015965,0.574396352390536,0.615777307408664,0.65806842812581,0.701255922314186,0.745271607963294,0.790098598103565,0.835731619794275,0.882163391544977,0.929386052785234,0.977392084463515,2,2,2,2,2,2,2,2,2,2,2,2,2,2,2,2,2,2,2,2,2,2,2,2,2,2,2,2,2,2,2,2,2,2,2,2,2,2,2,2,2,2,2,2,2,2,2,2,2,2,2,2,2,2,2,2,-1,-1,-1,-1,-1,-1,-1,-1,-1,-1,-1,-1,-1,-1
0.62,0.017036092835531,0.0370280088377677,0.0583699221698947,0.0807045392123646,0.103858413049881,0.127729425336213,0.152251291213386,0.177378480769691,0.203078748904041,0.229328881525025,0.256112156780386,0.283416832394245,0.311234950692461,0.339561841327672,0.368395413497425,0.397735996088002,0.427586064051933,0.457950038652646,0.488834404712031,0.520247456594254,0.552199355361985,0.584702009395622,0.617768161577624,0.651409797466616,0.685630400981257,0.720385396884861,0.756346936403995,0.794486924153567,0.833456616872338,0.873087374214489,0.913306266915742,0.954069807198669,0.995348701827991,2,2,2,2,2,2,2,2,2,2,2,2,2,2,2,2,2,2,2,2,2,2,2,2,2,2,2,2,2,2,2,2,2,2,2,2,2,2,2,2,2,2,2,2,2,2,2,2,2,2,2,2,2,2,2,2,2,2,-1,-1,-1,-1,-1,-1,-1,-1,-1
0.93,0.0170572649187145,0.036968288715573,0.0581756550314264,0.0803256068530033,0.103243705257763,0.126825380772078,0.15100123517408,0.175722265078522,0.200952477002143,0.226664688146253,0.252838128815541,0.279456646022303,0.306507863414789,0.33398218199982,0.361872467688304,0.39017364692299,0.418882227957809,0.447996413934608,0.477515724461255,0.507440931898747,0.537774194985386,0.568518817151327,0.599679381646663,0.631261768621159,0.663273094572555,0.695722166837686,0.728619431044047,0.761977039142707,0.795809602540222,0.830134186463647,0.864971097007057,0.900344920938874,0.936285500862574,0.972830262738929,2,2,2,2,2,2,2,2,2,2,2,2,2,2,2,2,2,2,2,2,2,2,2,2,2,2,2,2,2,2,2,2,2,2,2,2,2,2,2,2,2,2,2,2,2,2,2,2,2,2,2,2,2,2,2,2,2,2,2,-1,-1,-1,-1,-1,-1,-1
1.24,0.0169437899983148,0.0366426806126122,0.0575873658760208,0.0794314913841536,0.102002981640942,0.125197754605276,0.148945982578795,0.173197720337625,0.197915704282341,0.223071207801797,0.248641633592945,0.274608947939406,0.300958597415542,0.32767872735717,0.354759742813031,0.38219378609212,0.409974631650239,0.43809724003142,0.466557741743307,0.495353277662884,0.524481845984405,0.553942329963581,0.58373434239744,0.613858161325535,0.644314944635,0.675106160080399,0.706234343219572,0.737702625088084,0.769514563488561,0.801674698215718,0.834188338950261,0.867061600636073,0.900301337176018,0.933915728321617,0.96791376264324,2,2,2,2,2,2,2,2,2,2,2,2,2,2,2,2,2,2,2,2,2,2,2,2,2,2,2,2,2,2,2,2,2,2,2,2,2,2,2,2,2,2,2,2,2,2,2,2,2,2,2,2,2,2,2,2,2,2,2,2,-1,-1,-1,-1,-1
1.55,0.0168034475840922,0.036277470024716,0.0569547319004309,0.0784965123681774,0.100733841853665,0.123564013547476,0.146917744179365,0.170745121933133,0.195008574823957,0.21967891257067,0.244732856296381,0.270151597054772,0.29591959781514,0.322024051802194,0.348454212228496,0.375201042677333,0.402256933767687,0.429615490480838,0.457271370330302,0.485220024169733,0.513457767483962,0.541981644661523,0.570789169920431,0.599878538299765,0.629248429979323,0.658898080904905,0.688827009342646,0.719035357963621,0.749523565735055,0.780292442399718,0.811343332525731,0.84267796896265,0.874298249597795,0.906206744111036,0.938406468039084,0.970900614813428,2,2,2,2,2,2,2,2,2,2,2,2,2,2,2,2,2,2,2,2,2,2,2,2,2,2,2,2,2,2,2,2,2,2,2,2,2,2,2,2,2,2,2,2,2,2,2,2,2,2,2,2,2,2,2,2,2,2,2,2,-1,-1,-1,-1
1.86,0.0166632305617744,0.035925262511354,0.056354832261192,0.077620332070644,0.0995559007857876,0.122060437621402,0.145065496294857,0.168521591877464,0.192391299143543,0.216645355976957,0.241260304123592,0.266216988022808,0.291499578732847,0.317094711250962,0.342991114886888,0.369179210346916,0.395650742584598,0.422398584907956,0.449416658092864,0.476699652724459,0.504242983938325,0.53204275528597,0.560095627031507,0.588398661019168,0.616949516052732,0.645746139493311,0.674786907262282,0.704070614897682,0.733596331315605,0.763363296066296,0.793371241100382,0.823620061405891,0.854109918399624,0.88484137420914,0.915815026927501,0.947031929318435,0.978493276764034,2,2,2,2,2,2,2,2,2,2,2,2,2,2,2,2,2,2,2,2,2,2,2,2,2,2,2,2,2,2,2,2,2,2,2,2,2,2,2,2,2,2,2,2,2,2,2,2,2,2,2,2,2,2,2,2,2,2,2,2,-1,-1,-1
2.17,0.0165306873399301,0.0355986512246949,0.0558038334825218,0.0768210417573444,0.0984873405480417,0.120703241411867,0.143401250251839,0.166532421559872,0.190059655883373,0.213953797795754,0.238191470341292,0.262753395781116,0.287623640543472,0.312788605501335,0.3382368153469,0.363958340829175,0.389944638953045,0.4161882246518,0.442682591457859,0.469422038557983,0.496401487754539,0.523616557500336,0.551063344590113,0.578738464250964,0.606638876664632,0.634761963283179,0.66310548011714,0.691667502155791,0.720446241148248,0.74944043114124,0.778648703073793,0.808070321275488,0.837704468664029,0.86755062312986,0.89760853678614,0.927877983154949,0.958359076155576,0.989052057395977,2,2,2,2,2,2,2,2,2,2,2,2,2,2,2,2,2,2,2,2,2,2,2,2,2,2,2,2,2,2,2,2,2,2,2,2,2,2,2,2,2,2,2,2,2,2,2,2,2,2,2,2,2,2,2,2,2,2,2,2,-1,-1
2.48,0.0164075880544148,0.0352990465891994,0.0553015912074497,0.0760957793601038,0.0975214114880988,0.119480517400339,0.141906525634354,0.164751116495942,0.187977555668616,0.211556918819903,0.235465944158836,0.259685457695219,0.284199393082479,0.308994200886866,0.334058307154949,0.359381551499877,0.384955292853197,0.41077184533254,0.436824450967127,0.463107179237487,0.489614724200955,0.516342362157346,0.543285950028301,0.570441779259153,0.597806418587154,0.625376913571886,0.65315069299945,0.681125286858574,0.709298750877563,0.737669046505699,0.766234682503696,0.794994151409008,0.823946248081107,0.853089988801383,0.882424412325367,0.911948912019338,0.941662757390315,0.971565633261739,2,2,2,2,2,2,2,2,2,2,2,2,2,2,2,2,2,2,2,2,2,2,2,2,2,2,2,2,2,2,2,2,2,2,2,2,2,2,2,2,2,2,2,2,2,2,2,2,2,2,2,2,2,2,2,2,2,2,2,2,2,-1
2.79,0.0162938142459969,0.0350245729736099,0.0548435886539919,0.0754366157373457,0.0966459247578659,0.118374988693605,0.140558131088424,0.163147628638346,0.186107130121631,0.209408020756706,0.233027198747194,0.256945585978071,0.281147209739919,0.305618476057501,0.330347790490676,0.355325026852378,0.380541348258458,0.405989001493591,0.431661168203632,0.457551704799009,0.483655214199292,0.509966785482082,0.536482067161235,0.563197136036812,0.590108473593305,0.617212826889686,0.644507365089124,0.67198946914537,0.699656727023839,0.727507152770474,0.755538697929307,0.783749680610555,0.812138623642648,0.840704118467097,0.869444942843503,0.898360043673139,0.927448465493968,0.956709400852339,0.986142215435382,2,2,2,2,2,2,2,2,2,2,2,2,2,2,2,2,2,2,2,2,2,2,2,2,2,2,2,2,2,2,2,2,2,2,2,2,2,2,2,2,2,2,2,2,2,2,2,2,2,2,2,2,2,2,2,2,2,2,2,2,2
3.1,0.01618864689816,0.034772564685435,0.054424554007494,0.0748350714834936,0.0958486732328058,0.117370130643734,0.139334656941267,0.161695064487925,0.184415458686537,0.207467463748051,0.230828186451937,0.254478708187423,0.278403102105291,0.302587886116323,0.32702142545351,0.35169362230006,0.376595616069302,0.401719645982828,0.427058701427507,0.452606717265689,0.47835807868552,0.504307876752716,0.530451624743223,0.556785267857715,0.583305107625005,0.610007890056194,0.636890449892159,0.663950192699876,0.691184469734021,0.718590983664209,0.746167693225839,0.773912797812794,0.801824335494583,0.829900867202603,0.858141042086918,0.886543351041156,0.915106838932859,0.943830334058638,0.972712883826699,2,2,2,2,2,2,2,2,2,2,2,2,2,2,2,2,2,2,2,2,2,2,2,2,2,2,2,2,2,2,2,2,2,2,2,2,2,2,2,2,2,2,2,2,2,2,2,2,2,2,2,2,2,2,2,2,2,2,2,2,2
3.41,0.0160912211597545,0.0345403514761474,0.0540395219490335,0.0742834832695248,0.0951188610262053,0.11645167373605,0.13821791640498,0.160370975175975,0.182875326452958,0.205702886485491,0.228830982480611,0.252240823963658,0.275916619991305,0.299844930830749,0.324014212799645,0.348414328527414,0.373036509309204,0.397872863586053,0.422916478504525,0.448161165815001,0.473601310553368,0.499231931166054,0.525048479292134,0.55104679796103,0.577223159519585,0.603574130518289,0.630096616451137,0.656787722397867,0.683644767431595,0.710665441722033,0.737847537064101,0.765188950328229,0.792687826547952,0.820342483267615,0.848151336176043,0.876112937653198,0.904225956224236,0.932489205441052,0.960901585614459,0.989462052849542,2,2,2,2,2,2,2,2,2,2,2,2,2,2,2,2,2,2,2,2,2,2,2,2,2,2,2,2,2,2,2,2,2,2,2,2,2,2,2,2,2,2,2,2,2,2,2,2,2,2,2,2,2,2,2,2,2,2,2,2
3.72,0.0160006966374785,0.034325525582586,0.0536841534552373,0.0737752533683679,0.0944473656937462,0.115607645286878,0.137192845245284,0.159156878626198,0.18146457691845,0.20408816400812,0.227005142688941,0.250196905354409,0.27364779621614,0.297344415606821,0.321275297380778,0.345430344807479,0.369800822305915,0.394378855156165,0.419157515131032,0.444130604872439,0.469292481847355,0.49463813455305,0.520163001904105,0.545862823766944,0.571733950507939,0.597772701098889,0.623976053372691,0.650340998831713,0.676864803368479,0.703545085046321,0.730379486756733,0.757365847226058,0.784502349000831,0.81178702666497,0.839218299135286,0.866794633061378,0.894514587551539,0.92237670369694,0.950380020567921,0.978523129827915,2,2,2,2,2,2,2,2,2,2,2,2,2,2,2,2,2,2,2,2,2,2,2,2,2,2,2,2,2,2,2,2,2,2,2,2,2,2,2,2,2,2,2,2,2,2,2,2,2,2,2,2,2,2,2,2,2,2,2,2
4.03,0.0159163069128088,0.0341259955699356,0.0533547441447,0.0733048142856619,0.0938265350772297,0.114828127381516,0.136247021713466,0.15803764251659,0.180165154877766,0.202602104385038,0.225326162413099,0.248318850273124,0.271564701651732,0.295050357547173,0.318764436941097,0.342696951144246,0.366839077704305,0.391183056927114,0.415721950855509,0.440449577929807,0.465360297595127,0.490449024993961,0.515711224342983,0.541142675450055,0.566739454769992,0.59249816043434,0.618415546722715,0.644488569709502,0.670714591835797,0.697090948066181,0.723615391874023,0.750285678703848,0.777099823165052,0.804055870735416,0.831152239878425,0.858387246726212,0.885759287449217,0.913267035477925,0.940909224840223,0.968684562135163,0.996591973612491,2,2,2,2,2,2,2,2,2,2,2,2,2,2,2,2,2,2,2,2,2,2,2,2,2,2,2,2,2,2,2,2,2,2,2,2,2,2,2,2,2,2,2,2,2,2,2,2,2,2,2,2,2,2,2,2,2,2,2
4.34,0.0158373808751779,0.033939966259831,0.0530481409130497,0.0728674947562987,0.0932499892586664,0.114104838139677,0.135370154966378,0.157000792403774,0.178962308963193,0.201227426092675,0.223774083780334,0.2465839664998,0.269641620706031,0.292933952888295,0.316449509292553,0.340178402523207,0.364111902915713,0.388242231233058,0.412562514018507,0.437066529324662,0.461748661260098,0.486603837209372,0.511627516610781,0.53681544604671,0.562163713899601,0.587668885741146,0.613327652189977,0.639136978640398,0.665094166378656,0.691196604529725,0.717441858666463,0.743827775922747,0.770352210006446,0.797013401488675,0.823809386221538,0.850738535590164,0.877799339578692,0.904990289218751,0.932310098950628,0.959757392276543,0.987331060098898,2,2,2,2,2,2,2,2,2,2,2,2,2,2,2,2,2,2,2,2,2,2,2,2,2,2,2,2,2,2,2,2,2,2,2,2,2,2,2,2,2,2,2,2,2,2,2,2,2,2,2,2,2,2,2,2,2,2,2
4.65,0.0157633295210517,0.0337659066743041,0.0527616856197267,0.0724593477119406,0.092712389215891,0.113430952913511,0.134553743996885,0.156036077188216,0.177843803725398,0.199949956768973,0.222332594419634,0.244973596329021,0.267857651397732,0.290971674240643,0.314304371750655,0.33784588696945,0.361587520615737,0.385521598696816,0.409641164409374,0.43394010267565,0.458412781230511,0.483054171754383,0.507859670283611,0.532825034566423,0.557946424197882,0.583220257255212,0.608643313664379,0.634212564916143,0.659925204808025,0.685778608622211,0.711770354420025,0.737898221793973,0.764160157889088,0.79055412355785,0.817078288455912,0.843731068732855,0.870510740610498,0.897415808282413,0.924444895173094,0.951596711958432,0.978870041383347,2,2,2,2,2,2,2,2,2,2,2,2,2,2,2,2,2,2,2,2,2,2,2,2,2,2,2,2,2,2,2,2,2,2,2,2,2,2,2,2,2,2,2,2,2,2,2,2,2,2,2,2,2,2,2,2,2,2,2
4.96,0.0156936446912141,0.0336025120809091,0.0524931308674873,0.0720770713780921,0.0922092498964044,0.112800673301984,0.133790651740364,0.155134884129641,0.176799561623462,0.198757906047146,0.220988194934311,0.243472444585753,0.266195449181293,0.289144252383931,0.31230761020708,0.335675749399172,0.359240023853344,0.382992735217966,0.406927043272856,0.431036800542286,0.455316426179845,0.479760913956881,0.504365604897177,0.529126270366789,0.554039177394256,0.579100630336415,0.604307439517224,0.62965656473737,0.655145101239115,0.680770541424462,0.706530441976474,0.732422481331412,0.75844454805395,0.784594749880935,0.810871104187469,0.837272026860717,0.863795678652737,0.890440746970231,0.917205618377101,0.944089062076418,0.971089741773648,0.998206526934422,2,2,2,2,2,2,2,2,2,2,2,2,2,2,2,2,2,2,2,2,2,2,2,2,2,2,2,2,2,2,2,2,2,2,2,2,2,2,2,2,2,2,2,2,2,2,2,2,2,2,2,2,2,2,2,2,2,2
5.27,0.0156278900606892,0.0334486557979118,0.0522405548191732,0.0717178320110073,0.091736766463191,0.112209167906184,0.13307488005972,0.154290021683087,0.175821047939114,0.197641413929067,0.219729606114297,0.242067715833191,0.264640702465964,0.287435712115738,0.310441535501188,0.333648476792956,0.357047953008136,0.380632299038754,0.404394702954333,0.428329067859787,0.452429811808898,0.476691942073494,0.501110835141416,0.525682289122421,0.550402441972535,0.575267833908849,0.600275046992248,0.625421147721858,0.650703247485079,0.676118696717601,0.701665172524191,0.727340326307227,0.753141984653471,0.779068248815181,0.805117202076878,0.831287036311204,0.857576123530603,0.883982974706676,0.910505997424034,0.93714398033927,0.963895453402817,0.990759344638621,2,2,2,2,2,2,2,2,2,2,2,2,2,2,2,2,2,2,2,2,2,2,2,2,2,2,2,2,2,2,2,2,2,2,2,2,2,2,2,2,2,2,2,2,2,2,2,2,2,2,2,2,2,2,2,2,2,2
5.58,0.0155656794739726,0.0333033756636019,0.05200230602001,0.0713792373062811,0.0912917079880899,0.111652290760298,0.132401365821827,0.153495392940316,0.174901108623585,0.196592212048631,0.21854731905328,0.240748689189597,0.263181392560618,0.285832613525655,0.30869128111068,0.331747739182932,0.354993449734203,0.378420785626176,0.402023039640559,0.42579402689943,0.44972827542134,0.473820755666144,0.498066905636708,0.522462553826545,0.547003795107276,0.571687092558959,0.596509174011947,0.621467054770118,0.646557916749903,0.671779042270263,0.697128046814601,0.722602599174982,0.748200572644633,0.773919987764932,0.799758893161321,0.825715583033401,0.851788403728438,0.877975702039311,0.904276123208658,0.930688102446752,0.957210460642858,0.983841878240635,2,2,2,2,2,2,2,2,2,2,2,2,2,2,2,2,2,2,2,2,2,2,2,2,2,2,2,2,2,2,2,2,2,2,2,2,2,2,2,2,2,2,2,2,2,2,2,2,2,2,2,2,2,2,2,2,2,2
5.89,0.0155066820258908,0.033165842104931,0.0517769722349887,0.0710592174482194,0.090871299785256,0.111126527904953,0.131765739014182,0.152745775717818,0.174033646671233,0.195603214431665,0.217433278996724,0.23950623981315,0.261807248037888,0.284323627800468,0.307044342326267,0.329959778759544,0.35306147158433,0.376341848499761,0.399794202185001,0.423412440422305,0.447191087882018,0.471125117549582,0.495209995321096,0.51944148689776,0.543815873793217,0.568329550187189,0.592979193485611,0.617761822469806,0.642674598336714,0.667714940863867,0.692880330115268,0.718168487412628,0.743577272353693,0.769104731593097,0.794748830976358,0.820507959540329,0.846380271283916,0.87236432712533,0.898458494845076,0.924661471228769,0.950971873496815,0.977388444986735,2,2,2,2,2,2,2,2,2,2,2,2,2,2,2,2,2,2,2,2,2,2,2,2,2,2,2,2,2,2,2,2,2,2,2,2,2,2,2,2,2,2,2,2,2,2,2,2,2,2,2,2,2,2,2,2,2,2
6.2,0.0154506088566966,0.033035330798052,0.0515633280691109,0.0707559911484534,0.0904731562754692,0.110628830307497,0.131164298017268,0.152036738063534,0.173213409767481,0.194668387101051,0.216380603846935,0.238332620021764,0.260509630429045,0.282899073660455,0.305489993908787,0.328272856265354,0.351239224710283,0.374381562217615,0.397693217339069,0.4211681083331,0.444800753622356,0.468586229342095,0.492519960781454,0.516597783427955,0.540815955438408,0.565170788691964,0.589659183558911,0.614277923937413,0.639024380665452,0.663895825059631,0.688889805185983,0.714004054391338,0.739236382599052,0.764584838967187,0.790047453899149,0.815622431922594,0.841308196420574,0.86710303612623,0.893005489205799,0.919014098874506,0.945127636396037,0.971344699260267,0.997664078933495,2,2,2,2,2,2,2,2,2,2,2,2,2,2,2,2,2,2,2,2,2,2,2,2,2,2,2,2,2,2,2,2,2,2,2,2,2,2,2,2,2,2,2,2,2,2,2,2,2,2,2,2,2,2,2,2,2
6.51,0.0153972029485585,0.0329112109161537,0.0513603079039817,0.0704680100018888,0.0900952077697781,0.110156558649809,0.130593791389537,0.151364412569218,0.172435897952741,0.193782519943822,0.215383368722144,0.237221076968608,0.259281035900237,0.281550688763722,0.304019174686274,0.326676993547707,0.349515789916653,0.372528074886883,0.395707173114323,0.419047103188298,0.442542390002135,0.466188140617115,0.489979770698314,0.513913176527975,0.537984490841026,0.562190234421349,0.586527165574921,0.610992254188832,0.635582649301211,0.660295771570405,0.685129138874215,0.710080475835329,0.735147599181794,0.760328496336452,0.785621311423152,0.811024212605764,0.83653551804448,0.862153612538677,0.887876935000344,0.913704194619406,0.939633977605132,0.965664913388609,0.991795855729632,2,2,2,2,2,2,2,2,2,2,2,2,2,2,2,2,2,2,2,2,2,2,2,2,2,2,2,2,2,2,2,2,2,2,2,2,2,2,2,2,2,2,2,2,2,2,2,2,2,2,2,2,2,2,2,2,2
6.82,0.0153462398078012,0.0327929257534202,0.051166976609496,0.0701939196420763,0.0897356524015964,0.109707438351552,0.130051450511692,0.150725460601675,0.171697206264113,0.192941112463307,0.214436428801008,0.236165905101407,0.258115038575751,0.280271311356671,0.302623941382484,0.325163550531916,0.347881728347289,0.370771107077552,0.393825044514988,0.41703752318916,0.44040317981109,0.463917059313078,0.487574656680469,0.511371891983297,0.535304858912436,0.559370204610379,0.583564530708086,0.607884862112046,0.632328506150069,0.656892672014371,0.681574988433577,0.706373200583627,0.731285167316221,0.756308746627152,0.781442127268139,0.80668349660349,0.832031128271504,0.857483484159693,0.883039003542081,0.908696310483641,0.934453973195405,0.960310653938145,0.986265271705456,2,2,2,2,2,2,2,2,2,2,2,2,2,2,2,2,2,2,2,2,2,2,2,2,2,2,2,2,2,2,2,2,2,2,2,2,2,2,2,2,2,2,2,2,2,2,2,2,2,2,2,2,2,2,2,2,2
7.13,0.0152975227590883,0.032679995032152,0.050982523762696,0.0699325365862227,0.0893928988346837,0.109279462377693,0.129534780816052,0.150116940287549,0.170993876776684,0.192140218129406,0.213535312732621,0.235162052485998,0.257005967046662,0.279054684860638,0.301297476234059,0.323724978426844,0.346328879762921,0.369101834443434,0.392037212342047,0.415129053558016,0.438372012902885,0.461761155240301,0.485292013081934,0.508960510055325,0.53276279518871,0.556695360814853,0.580755064102744,0.604938790927584,0.629243835318271,0.653667536170485,0.678207502064241,0.702861317617159,0.727626931642448,0.752502370948705,0.777485616429568,0.802574891221728,0.827768556858422,0.853064987737554,0.878462689941707,0.903960164874941,0.929556031950877,0.955249119056954,0.981038088832742,2,2,2,2,2,2,2,2,2,2,2,2,2,2,2,2,2,2,2,2,2,2,2,2,2,2,2,2,2,2,2,2,2,2,2,2,2,2,2,2,2,2,2,2,2,2,2,2,2,2,2,2,2,2,2,2,2
7.44,0.0152508738940342,0.0325719851796031,0.050806216160238,0.0696828107962659,0.0890655581457539,0.108870851562614,0.129041651217799,0.149536311077698,0.170322947593312,0.191376374686357,0.212676080546224,0.23420505820895,0.255948897898812,0.277895367122304,0.300033751553928,0.32235475322556,0.34485011103661,0.367512475993294,0.3903353085469,0.413312697126097,0.436439253020282,0.459710106671693,0.483120831297367,0.506667248901424,0.530345691342936,0.554152626886273,0.578084800766628,0.602139244203267,0.626313192662773,0.650603973160577,0.675009170612016,0.699526569165243,0.724153969872996,0.74888929680132,0.773730802701796,0.798676466508185,0.823724800013368,0.84887411455402,0.874122893532847,0.899469697157833,0.924913164864539,0.950451961303458,0.976084878985945,2,2,2,2,2,2,2,2,2,2,2,2,2,2,2,2,2,2,2,2,2,2,2,2,2,2,2,2,2,2,2,2,2,2,2,2,2,2,2,2,2,2,2,2,2,2,2,2,2,2,2,2,2,2,2,2,2
7.75,0.0152061357041149,0.0324685134986519,0.0506374161727788,0.0694438244622562,0.0887523963986219,0.10848007467779,0.128570159314855,0.148981274522744,0.169681767889504,0.190646566232196,0.211855299098622,0.233291064929821,0.254939569763965,0.276788599836474,0.298827535280652,0.321047096510014,0.343439134623378,0.36599629113066,0.388712061278953,0.411580584759204,0.434596482857092,0.45775488946709,0.48105139926123,0.504481949051407,0.528042762379487,0.551730310999054,0.575541472837686,0.599473265272119,0.623522808004677,0.647687550228526,0.671965154476168,0.696353151035612,0.720849543416039,0.745452330231584,0.770159472979513,0.794969264283079,0.819880045176364,0.844890161458496,0.869998120750197,0.895202425797359,0.920501780967594,0.945894815119178,0.971380364592799,0.996957161360964,2,2,2,2,2,2,2,2,2,2,2,2,2,2,2,2,2,2,2,2,2,2,2,2,2,2,2,2,2,2,2,2,2,2,2,2,2,2,2,2,2,2,2,2,2,2,2,2,2,2,2,2,2,2,2,2
8.06,0.0151631702054948,0.0323692387700732,0.0504755565129901,0.0692147533214618,0.0884523255195223,0.108105718842103,0.128118602199075,0.148449836464104,0.169067962724529,0.189948071916567,0.211069896879012,0.232416646298035,0.253974104853622,0.275730129601521,0.297674153907164,0.319796995274623,0.342090458002659,0.36454728486805,0.387160997911037,0.4099257675139,0.432836227725767,0.45588755269399,0.47907532638664,0.502395511695688,0.525844403166133,0.549418453782024,0.573114513480311,0.596929535171069,0.620860870720538,0.644905871755467,0.669062077546932,0.693327271365694,0.717699241464451,0.742176067143653,0.766755790472364,0.791436672383086,0.816216958785972,0.841095057996755,0.866069434960629,0.891138682401285,0.916301463205046,0.941556432917908,0.966902329230807,0.992338011810833,2,2,2,2,2,2,2,2,2,2,2,2,2,2,2,2,2,2,2,2,2,2,2,2,2,2,2,2,2,2,2,2,2,2,2,2,2,2,2,2,2,2,2,2,2,2,2,2,2,2,2,2,2,2,2,2
8.37,0.0151218494033594,0.0322738561683731,0.0503201200014159,0.0689948592001341,0.0881643639072041,0.107746574719582,0.127685486369154,0.147940222412607,0.168479484060794,0.189278509346697,0.21031717192228,0.231578763926446,0.253049151099665,0.27471622258092,0.296569546944754,0.318599890090128,0.34079918783214,0.363160182216501,0.385676430484499,0.40834210122179,0.431151917082852,0.454101055903804,0.477185129784929,0.500400057162926,0.523742152916885,0.547207975697843,0.570794279055954,0.594498192314754,0.618316901750204,0.642247783677363,0.66628851738761,0.690436673772211,0.714690339275876,0.739047314681637,0.763505775744352,0.788063997617104,0.812720224345601,0.837472842159228,0.862320307469291,0.887261279193812,0.912294355645963,0.937418168382797,0.962631532802911,0.987933192348178,2,2,2,2,2,2,2,2,2,2,2,2,2,2,2,2,2,2,2,2,2,2,2,2,2,2,2,2,2,2,2,2,2,2,2,2,2,2,2,2,2,2,2,2,2,2,2,2,2,2,2,2,2,2,2,2
8.68,0.0150820595260387,0.0321820946039337,0.0501706582109727,0.0687834822322904,0.0878876427409807,0.107401528549491,0.127269470668892,0.147450809514378,0.167914445559816,0.188635754285672,0.209594699357778,0.230774670347706,0.252161624382555,0.273743517547369,0.295509948077096,0.317451781525626,0.339560952546239,0.361830264866875,0.384253270651709,0.406824181668084,0.429537769631708,0.452389217720701,0.475374117627738,0.498488503433228,0.52172861043152,0.545091013018095,0.568572566991697,0.59217032276868,0.615881517266464,0.63970359464328,0.663634025208893,0.687670676987041,0.711811406404463,0.736054199541564,0.760397131363311,0.784838428946263,0.809376426388681,0.83400954629289,0.858736210420969,0.883554981480897,0.908464544440457,0.933463583997748,0.958550878940922,0.983725172626943,2,2,2,2,2,2,2,2,2,2,2,2,2,2,2,2,2,2,2,2,2,2,2,2,2,2,2,2,2,2,2,2,2,2,2,2,2,2,2,2,2,2,2,2,2,2,2,2,2,2,2,2,2,2,2,2
8.99,0.0150436997752823,0.0320936993459587,0.0500267501878482,0.0685800400389523,0.0876213632384213,0.10706959571693,0.126869344037994,0.146980176791499,0.167371182794208,0.188017859798174,0.208900302648509,0.230001949598592,0.251308872794884,0.272809055956129,0.294492180869134,0.316349139837732,0.338371895931653,0.360553287635152,0.382886970709326,0.405367120213933,0.427988529806734,0.450746413681588,0.473636408097755,0.496654505634399,0.519797018711174,0.543060529263501,0.566441886945481,0.589938130558274,0.61354656009257,0.637264496061218,0.661089681193907,0.685019706495478,0.709052583635096,0.733186265252162,0.757418805247759,0.781748565635763,0.806173696510987,0.830692784955519,0.855304142103232,0.880006438170349,0.904798245713666,0.929678283368773,0.954645291400888,0.979698127718551,2,2,2,2,2,2,2,2,2,2,2,2,2,2,2,2,2,2,2,2,2,2,2,2,2,2,2,2,2,2,2,2,2,2,2,2,2,2,2,2,2,2,2,2,2,2,2,2,2,2,2,2,2,2,2,2
9.3,0.0150066769759912,0.0320084571413179,0.0498880236047398,0.0683839846113852,0.0873648331032939,0.106749871295072,0.126484006040244,0.146527039974369,0.166848199554118,0.187423131770628,0.20823201358229,0.229258424483038,0.250488404977683,0.27191013212685,0.293513231050783,0.315288695176431,0.337228498364511,0.359325562814993,0.381573510619022,0.403966578314011,0.426499557391285,0.449167735313083,0.471966721546076,0.494892499454524,0.517941521047504,0.541110220145629,0.564395588197279,0.587794609704772,0.611304562079319,0.634922903242935,0.658647176202777,0.682475216739079,0.706404857260454,0.730434143020295,0.754561206848252,0.778784210310937,0.80310150828235,0.827511493477957,0.852012644729132,0.876603586959018,0.901282891123096,0.926049276365402,0.950901470922156,0.975838369235678,2,2,2,2,2,2,2,2,2,2,2,2,2,2,2,2,2,2,2,2,2,2,2,2,2,2,2,2,2,2,2,2,2,2,2,2,2,2,2,2,2,2,2,2,2,2,2,2,2,2,2,2,2,2,2,2
9.61,0.0149709041683266,0.0319261552124731,0.0497541506515321,0.0681948402315101,0.0871173994293828,0.106441549834072,0.126112485844127,0.146090230324243,0.166344136007363,0.18685000023498,0.207588100899435,0.228542080888119,0.249698085859083,0.271044306423969,0.292570476038599,0.31426755849551,0.33612763016551,0.358143629680882,0.38030920406735,0.402618605240306,0.425066674671536,0.44764866144156,0.470360244552203,0.493197462947351,0.516156688102234,0.539234456811115,0.562427682478259,0.585733445100002,0.6091489505817,0.632671738765738,0.656299298388531,0.680029575483619,0.70386030721582,0.727789568299207,0.751815426519594,0.775936260989024,0.800150225169874,0.82445578313077,0.848851440091806,0.873335757076085,0.897907399225836,0.922565016889176,0.947307429222478,0.972133374153271,0.997041781504356,2,2,2,2,2,2,2,2,2,2,2,2,2,2,2,2,2,2,2,2,2,2,2,2,2,2,2,2,2,2,2,2,2,2,2,2,2,2,2,2,2,2,2,2,2,2,2,2,2,2,2,2,2,2,2
9.92,0.0149363084027992,0.0318466178173488,0.0496248276888895,0.0680121692852223,0.0868784847881113,0.10614390997293,0.125753907599852,0.145668674159846,0.165857766371903,0.186297065933259,0.206966952035842,0.227851159382234,0.24893589621633,0.270209437850978,0.291661505597303,0.313283167099732,0.335066493761634,0.357004482773934,0.379090779914086,0.401319675787084,0.423686075980855,0.446185195897801,0.468812778811585,0.49156483480307,0.514437708637917,0.537428108147715,0.560532782057081,0.583748928452414,0.607073783850388,0.630504752441869,0.654039547223986,0.677675894318013,0.701411702990619,0.725244946855854,0.749173797421201,0.773196516598883,0.797311415163983,0.821516865580346,0.845811322084053,0.870193507687802,0.894661885999345,0.919215331103234,0.943852487399333,0.968572186780462,0.99337331460198,2,2,2,2,2,2,2,2,2,2,2,2,2,2,2,2,2,2,2,2,2,2,2,2,2,2,2,2,2,2,2,2,2,2,2,2,2,2,2,2,2,2,2,2,2,2,2,2,2,2,2,2,2,2,2
10.23,0.0149028178924049,0.0317696734696892,0.0494997631228842,0.0678355664575236,0.0866475685906489,0.105856264630859,0.125407430363767,0.145261424674721,0.165387953919582,0.185763029869108,0.206367125146762,0.227184031231875,0.248200062881769,0.269403504163585,0.290784158161056,0.312333089216505,0.334042495293573,0.355905276000674,0.377915221319098,0.400066615926796,0.422354323739323,0.444773668887223,0.467320377836317,0.489990436353466,0.512780284565421,0.535686551416573,0.558706112077095,0.581836007609439,0.605073624157682,0.628416390467225,0.651861930489735,0.675408028027588,0.699052533759202,0.722793573789195,0.746629209660515,0.770557703979382,0.794577389998218,0.818686649680689,0.842884006861288,0.867168058138186,0.891537458286535,0.915990823371738,0.940526990317272,0.965144734102897,0.989842967149921,2,2,2,2,2,2,2,2,2,2,2,2,2,2,2,2,2,2,2,2,2,2,2,2,2,2,2,2,2,2,2,2,2,2,2,2,2,2,2,2,2,2,2,2,2,2,2,2,2,2,2,2,2,2,2
10.54,0.014870367221856,0.0316951726085412,0.0493787038722632,0.0676646733061644,0.0864241529358635,0.105578043698198,0.125072334460276,0.144867604502832,0.164933717624501,0.185246755385061,0.205787309589117,0.226539253643241,0.247488941154031,0.268624701461089,0.289936439695807,0.311415221179414,0.333053266194036,0.354843577354801,0.376779871311415,0.398856503718576,0.421068366052352,0.443410819170022,0.465879538015855,0.488470624836796,0.511180436509974,0.534005691101919,0.556943180828619,0.579990076506199,0.603143730968711,0.62640150015443,0.649761101815252,0.673220348560616,0.696777058432667,0.720429287317886,0.744175265069545,0.768013150481943,0.791941228644012,0.815958057944021,0.840062054534341,0.864251742627067,0.888525903122936,0.912883126230486,0.937322279576586,0.961842038573853,0.986441457773409,2,2,2,2,2,2,2,2,2,2,2,2,2,2,2,2,2,2,2,2,2,2,2,2,2,2,2,2,2,2,2,2,2,2,2,2,2,2,2,2,2,2,2,2,2,2,2,2,2,2,2,2,2,2,2
10.85,0.0148388989088218,0.0316229689863132,0.0492614305054583,0.0674991514803591,0.0862078079535248,0.105308655797871,0.124747944732902,0.144486428626808,0.164494099429807,0.184747158032442,0.205226298219142,0.225915435069969,0.246801034413999,0.267871418419249,0.28911655868731,0.310527607192851,0.332096750356929,0.353817023066532,0.375682204590016,0.39768669183663,0.41982537187309,0.442093562616032,0.464487075104253,0.487001913843307,0.509634575177555,0.532381628681353,0.555240044507231,0.578206940546267,0.6012796051892,0.624455446181512,0.647732289060447,0.671107805002627,0.694579846496681,0.718146651768568,0.741806180817747,0.765556765743097,0.789396727027266,0.813324442136182,0.837338535806948,0.861437488542308,0.885620007592437,0.909884707446293,0.934230495169206,0.958656028852456,0.98316036658092,2,2,2,2,2,2,2,2,2,2,2,2,2,2,2,2,2,2,2,2,2,2,2,2,2,2,2,2,2,2,2,2,2,2,2,2,2,2,2,2,2,2,2,2,2,2,2,2,2,2,2,2,2,2,2
11.16,0.0148083581010486,0.0315529350796862,0.0491477158813067,0.0673386961475532,0.0859981296126685,0.105047612243402,0.124433644239894,0.144117156021183,0.164068257175209,0.184263289901954,0.204682989970695,0.225311387129528,0.246134948108294,0.267142133959854,0.28832288685432,0.309668408409833,0.331170924270303,0.352823559255817,0.374620018585696,0.396554762597041,0.418622716088019,0.440819223232932,0.463140056245459,0.485581334068949,0.508139391402954,0.530811007695693,0.553593072423249,0.5764826963587,0.59947719572402,0.622574058428112,0.64577095982452,0.669065715783483,0.692456204373096,0.715940440332714,0.739516656311829,0.763183100711233,0.7869380654059,0.810779987396269,0.834707396192016,0.858718860507917,0.882813025310769,0.906988641417513,0.93124450463913,0.955579327107364,0.979991988841306,2,2,2,2,2,2,2,2,2,2,2,2,2,2,2,2,2,2,2,2,2,2,2,2,2,2,2,2,2,2,2,2,2,2,2,2,2,2,2,2,2,2,2,2,2,2,2,2,2,2,2,2,2,2,2
11.47,0.0147786952611567,0.0314849551611411,0.0490373717395684,0.0671830316055844,0.0857947410112512,0.104794439354902,0.124128859922018,0.143759099765965,0.163655423391202,0.183794233659427,0.204156386614381,0.224725962279049,0.245489486048392,0.26643547463005,0.287553906017112,0.308836008726547,0.330274086591001,0.351861228238983,0.373591240749857,0.395458527990217,0.417458081720861,0.439585257040124,0.461835841126606,0.484205919103745,0.506691964653125,0.529290653704505,0.551998932693633,0.574813855387245,0.597732871479225,0.620753412606596,0.643873101729437,0.667089849640757,0.690401536252802,0.713806162233167,0.737301969580808,0.760887128370059,0.784560069231755,0.808319191467957,0.832162971468425,0.85609008272818,0.880099065388877,0.904188707890293,0.928357772047432,0.95260512522425,0.976929541053378,2,2,2,2,2,2,2,2,2,2,2,2,2,2,2,2,2,2,2,2,2,2,2,2,2,2,2,2,2,2,2,2,2,2,2,2,2,2,2,2,2,2,2,2,2,2,2,2,2,2,2,2,2,2,2
11.78,0.0147498645426517,0.0314189168654749,0.0489302067083819,0.067031893259296,0.0855973005254381,0.104548712151188,0.123833078205129,0.143411667510803,0.163254851913945,0.183339172448914,0.203645549063858,0.224158110919391,0.244863467756655,0.265750156860652,0.286808211066034,0.30802891822116,0.32940456758019,0.350928296987043,0.372593965253357,0.394395955764856,0.416329304309508,0.438389357518868,0.460571924590792,0.482873209453512,0.505289545412153,0.527817663476212,0.550454505872993,0.573197305071988,0.596043293124261,0.618989969665296,0.642035069146702,0.665176455249526,0.688411943220032,0.711739623725167,0.735157640495002,0.75866433939233,0.782258050814584,0.805937149764203,0.82970020761629,0.853545742672947,0.877472469655374,0.901479138950314,0.925564462387155,0.949727324413558,0.973966511609001,0.998281067017572,2,2,2,2,2,2,2,2,2,2,2,2,2,2,2,2,2,2,2,2,2,2,2,2,2,2,2,2,2,2,2,2,2,2,2,2,2,2,2,2,2,2,2,2,2,2,2,2,2,2,2,2,2,2
12.09,0.0147218216796907,0.0313547220547605,0.048826068887917,0.0668850366706424,0.0854054941418748,0.104310019621018,0.123545811819493,0.143074277775903,0.162865914297702,0.182897376288533,0.203149618443293,0.223606880383074,0.244255825442478,0.265085028652598,0.286084570544908,0.307245738322154,0.328560887499765,0.350023161464584,0.371626446717356,0.393365182544248,0.41523434977677,0.43722942297125,0.459346131628549,0.481580694393665,0.503929563703372,0.526389356390963,0.54895708750947,0.571629987841654,0.594405299435085,0.617280552106393,0.640253468529031,0.663321833430646,0.686483622033533,0.709736886042373,0.733079730848664,0.7565105124557,0.780027596664085,0.803629322338011,0.827314281829863,0.851081001365724,0.874928290489787,0.898854679476045,0.922859098314337,0.946940319129371,0.971097224750381,0.995328732041162,2,2,2,2,2,2,2,2,2,2,2,2,2,2,2,2,2,2,2,2,2,2,2,2,2,2,2,2,2,2,2,2,2,2,2,2,2,2,2,2,2,2,2,2,2,2,2,2,2,2,2,2,2,2
12.4,0.0146945291365758,0.0312922742872567,0.0487247889178812,0.0667422531886811,0.0852190236498326,0.1040780179276,0.123266619036034,0.142746397870491,0.162487996518648,0.18246811974935,0.20266783109928,0.223071436674507,0.243665623212372,0.264439018070052,0.285381751085189,0.306485170803961,0.327741635093066,0.349144311170688,0.370687093656564,0.39236448381612,0.414171458324651,0.436103469464258,0.4581563713799,0.480326296665387,0.502609674184612,0.525003319626132,0.547504124360994,0.570109263792397,0.592816067191269,0.615622149372789,0.638525158720642,0.66152285802196,0.684613274521042,0.707794433690548,0.731064547596,0.754421784327726,0.777864671550613,0.801391541002895,0.825000946773802,0.848691420711104,0.872461735697621,0.896310591735225,0.920236728164882,0.944238932031697,0.968316254845217,0.992467481143041,2,2,2,2,2,2,2,2,2,2,2,2,2,2,2,2,2,2,2,2,2,2,2,2,2,2,2,2,2,2,2,2,2,2,2,2,2,2,2,2,2,2,2,2,2,2,2,2,2,2,2,2,2,2
12.71,0.014667949504238,0.0312314861436232,0.048626233137444,0.0666033289966413,0.085037634014749,0.103852354121633,0.122995081779271,0.142427562141006,0.162120519201629,0.182050758215047,0.202199439541175,0.22255090065636,0.243091930349621,0.263811143582725,0.284698704191604,0.30574605396328,0.326945512185321,0.348290332269144,0.369774417319134,0.39139226541681,0.413138877799918,0.435009762894883,0.457000704075909,0.479107920990356,0.501327854931568,0.523657237673359,0.54609310116733,0.568632602716819,0.591273078317348,0.614012041896316,0.636847220652076,0.659776480614049,0.682797667245388,0.705908978949882,0.729108589981186,0.752394622875371,0.775765662750355,0.799219979921914,0.822756146760306,0.846372865849947,0.870068641994927,0.893842319095121,0.917692656205044,0.941618516014299,0.965618719043643,0.989692211023514,2,2,2,2,2,2,2,2,2,2,2,2,2,2,2,2,2,2,2,2,2,2,2,2,2,2,2,2,2,2,2,2,2,2,2,2,2,2,2,2,2,2,2,2,2,2,2,2,2,2,2,2,2,2
13.02,0.01464204829251,0.0311722777958859,0.0485302627679589,0.0664680807105758,0.0848610629337,0.103632705808669,0.122730822681294,0.142117292908312,0.16176295955313,0.181644711076815,0.201743777254487,0.222044575890776,0.242533876475945,0.263200452355741,0.284034445744506,0.305027299712474,0.326171413777203,0.347460028278134,0.36888707301192,0.390447076851308,0.412135073442276,0.433946559181767,0.455877370660763,0.477923746719203,0.500082072965798,0.522349155361949,0.54472199625939,0.567197715504261,0.589773772830516,0.612447680778304,0.635217096630426,0.658079849869268,0.681034002072038,0.704077559622436,0.727208751224822,0.750425791611546,0.773727077848796,0.797111095991828,0.820576375440591,0.844121490647605,0.867745108823809,0.891445934955995,0.915222866580748,0.93907457671583,0.963000170095451,0.986998388216781,2,2,2,2,2,2,2,2,2,2,2,2,2,2,2,2,2,2,2,2,2,2,2,2,2,2,2,2,2,2,2,2,2,2,2,2,2,2,2,2,2,2,2,2,2,2,2,2,2,2,2,2,2,2
13.33,0.0146167949232678,0.0311145765692443,0.0484367509980416,0.0663363228161597,0.0846890742251449,0.10341880239074,0.122473500502571,0.141815190782707,0.161414827365914,0.181249408934625,0.201300223640296,0.221551710459623,0.241990755272156,0.26260610166795,0.283387995032887,0.304327855329209,0.325418168415679,0.346652147275289,0.368023756742369,0.389527553078191,0.411158610421038,0.432912380312315,0.45478478745295,0.476771987649941,0.49887044953406,0.521077033384644,0.543388631580928,0.565802484823748,0.588315966268271,0.610926683644434,0.633632214338098,0.656430549309006,0.679319586014438,0.702297372723976,0.725362176900633,0.748512201184876,0.771745885368113,0.795061679282374,0.818458131895883,0.841933799512346,0.865487364096987,0.889117611747722,0.912823259148798,0.93660321096475,0.960456357602051,0.984381594959088,2,2,2,2,2,2,2,2,2,2,2,2,2,2,2,2,2,2,2,2,2,2,2,2,2,2,2,2,2,2,2,2,2,2,2,2,2,2,2,2,2,2,2,2,2,2,2,2,2,2,2,2,2,2
13.64,0.0145921572035029,0.0310583105588035,0.0483455920929758,0.0662078944667532,0.0845214622065513,0.103210356623228,0.122222764788798,0.141520853848072,0.161075689709209,0.180864344523582,0.200868166292419,0.221071699000993,0.241461806919828,0.262027330881943,0.282758510694994,0.303646853716719,0.324684769600643,0.345865613160022,0.367183318733533,0.388632462275034,0.410208128834575,0.431905793241444,0.453721371378412,0.475651054152837,0.497691368007976,0.519839082151716,0.542091182628857,0.564444936046121,0.586897648531979,0.609446903030885,0.632090468486813,0.654826067300192,0.677651837825002,0.700565780524788,0.723566104124095,0.746651057773536,0.769819092027046,0.793068636791518,0.81639826518256,0.839806553636643,0.863292163876405,0.886853820623264,0.910490353961511,0.934200623135725,0.957983484297061,0.981837950348751,2,2,2,2,2,2,2,2,2,2,2,2,2,2,2,2,2,2,2,2,2,2,2,2,2,2,2,2,2,2,2,2,2,2,2,2,2,2,2,2,2,2,2,2,2,2,2,2,2,2,2,2,2,2
13.95,0.0145681100817024,0.0310034144219454,0.0482566731234773,0.0660826479272004,0.0843580137408535,0.103007119021265,0.121978315959173,0.141233931790618,0.16074512137798,0.180489022936586,0.200447094844183,0.220603876703193,0.240946380604756,0.261463373135944,0.282145192879297,0.302983324473226,0.323970290840022,0.345099408250598,0.366364641447893,0.387760588153187,0.409282356407991,0.43092542377706,0.452685722078832,0.474559484994875,0.496543233277719,0.518633708048268,0.540827924732141,0.563123174498715,0.585516752282275,0.608006337508588,0.630589593241564,0.653264286405084,0.676028533360921,0.698880440716884,0.721818050939763,0.744839843560632,0.767944034515595,0.791129262335658,0.814393889757311,0.837736670598505,0.861156243140499,0.884651358884101,0.908220759418575,0.93186335648601,0.955578035909953,0.979363744760283,2,2,2,2,2,2,2,2,2,2,2,2,2,2,2,2,2,2,2,2,2,2,2,2,2,2,2,2,2,2,2,2,2,2,2,2,2,2,2,2,2,2,2,2,2,2,2,2,2,2,2,2,2,2
14.26,0.0145446252924254,0.030949823888323,0.0481698937915958,0.0659604306995166,0.0841985448005024,0.102808839634116,0.121739870778868,0.140954081721138,0.160422705203047,0.180123023666641,0.200036484561295,0.220147740917199,0.240443817817677,0.260913524812103,0.281547246593201,0.302336513217924,0.323273842217977,0.344352580956505,0.365566719014322,0.386910866465437,0.408380135523662,0.429970079484934,0.451676564285182,0.473495881371772,0.495424508025129,0.517459297570025,0.539597215625184,0.561835553845657,0.584171628881009,0.606603074972795,0.629127657246763,0.651743127428231,0.674447613175853,0.697239070441525,0.720115800495215,0.743076024361964,0.766118194036085,0.789240844865138,0.812442402372059,0.835721530372739,0.859076878629919,0.882507256653383,0.906011412117727,0.929588268994733,0.953236635323948,0.976955504350976,2,2,2,2,2,2,2,2,2,2,2,2,2,2,2,2,2,2,2,2,2,2,2,2,2,2,2,2,2,2,2,2,2,2,2,2,2,2,2,2,2,2,2,2,2,2,2,2,2,2,2,2,2,2
14.57,0.0145216806922167,0.0308974872395657,0.0480851625235291,0.065841118264091,0.0840428818481828,0.102615322169464,0.121507167848886,0.140680968821497,0.160108107979467,0.179765889618339,0.19963588240882,0.219702733498267,0.239953552791078,0.260377190890409,0.280964042700472,0.301705650391161,0.322594609414238,0.343624251340801,0.364788571394815,0.386082250574127,0.407500395544674,0.429038542728114,0.450692645917753,0.472458923190069,0.49433388578979,0.516314459462645,0.538397533749415,0.56058044865484,0.582860577366837,0.605235446779331,0.627702858198694,0.650260726632851,0.67290689511625,0.695639605872822,0.718457027681901,0.741357451920812,0.764339274709293,0.787400976987942,0.810541109971054,0.833758359398191,0.857051300193554,0.880418721923488,0.903859413736746,0.92737226981611,0.950956177532425,0.9746100999953,0.998333005780554,2,2,2,2,2,2,2,2,2,2,2,2,2,2,2,2,2,2,2,2,2,2,2,2,2,2,2,2,2,2,2,2,2,2,2,2,2,2,2,2,2,2,2,2,2,2,2,2,2,2,2,2,2
14.88,0.0144992513323808,0.0308463500186029,0.0480023823938337,0.0657245705603986,0.0838908525928992,0.102426334507703,0.121279924872789,0.1404143142578,0.159800962366896,0.179417251291761,0.199244816348439,0.219268381700229,0.239475018685504,0.259853706906451,0.280394839296143,0.301090009739724,0.321931802585915,0.342913560101681,0.364029360827464,0.385273833711578,0.406642131409755,0.428129823139097,0.449732818072078,0.471447380182129,0.493270156767903,0.515197788237403,0.537227466489548,0.559356375009025,0.581581961276308,0.603901759796003,0.626313514754237,0.648815171380446,0.67140465340387,0.694080177983648,0.716839815517095,0.739681970687,0.762605033036424,0.785607451099764,0.808687847157803,0.831844755543223,0.855076913811276,0.878383087522945,0.901762018980724,0.925212686462609,0.948733831390551,0.97232451098831,0.995983659056954,2,2,2,2,2,2,2,2,2,2,2,2,2,2,2,2,2,2,2,2,2,2,2,2,2,2,2,2,2,2,2,2,2,2,2,2,2,2,2,2,2,2,2,2,2,2,2,2,2,2,2,2,2
15.19,0.014477318602892,0.0307963566515586,0.0479214802664968,0.0656106861380183,0.0837423094678637,0.102241710198681,0.121057949549491,0.140153842303246,0.159500952798836,0.179076740220209,0.198862894089344,0.218844172492843,0.23900774569361,0.259342593602754,0.279839102820794,0.300488950826859,0.321284684331908,0.342219757747459,0.363288198756954,0.384484683497128,0.405804371625972,0.427242820060022,0.448796005505043,0.470460201269819,0.492231953795016,0.514108095898291,0.536085683387229,0.558161941220246,0.580334350668751,0.602600413175053,0.624958016498528,0.647404885825994,0.669939169079695,0.692558864595601,0.715262267499299,0.738047677922399,0.760913484510972,0.783858160519797,0.806880282433564,0.829978510059665,0.853151531541244,0.876398008089035,0.899716836074917,0.923106832776188,0.946566901100866,0.970096076090828,0.993693326376998,2,2,2,2,2,2,2,2,2,2,2,2,2,2,2,2,2,2,2,2,2,2,2,2,2,2,2,2,2,2,2,2,2,2,2,2,2,2,2,2,2,2,2,2,2,2,2,2,2,2,2,2,2
15.5,0.0144558597252339,0.0307474684946109,0.0478423736814866,0.0654993428475713,0.0835970995544217,0.102061227401161,0.120840978255712,0.139899281913858,0.159207775526869,0.178744007482728,0.198489712308689,0.218429736486201,0.23855123910971,0.258843239016953,0.279296209243062,0.299901808210749,0.320652625253372,0.341542104378845,0.362564334875165,0.383713984333297,0.404986242928746,0.426376669339048,0.44788122720152,0.469496283331678,0.491218320844582,0.513044142137448,0.534970954524053,0.556995878608833,0.579116423732278,0.601330144525393,0.623634847142925,0.646028321049354,0.66850875305776,0.691074043537789,0.713722655390217,0.73645272841586,0.759262694932814,0.782151125843639,0.805116517068237,0.828157506201429,0.851272776967787,0.874461162360005,0.897721409518849,0.921052347985933,0.944452952280236,0.967922183728359,0.991458902248613,2,2,2,2,2,2,2,2,2,2,2,2,2,2,2,2,2,2,2,2,2,2,2,2,2,2,2,2,2,2,2,2,2,2,2,2,2,2,2,2,2,2,2,2,2,2,2,2,2,2,2,2,2
15.81,0.0144348561458603,0.0306996305297038,0.047764985367297,0.0653904386047748,0.0834550833505312,0.101884751012804,0.120628844374214,0.139650390136617,0.158921156020646,0.178418730300767,0.198124931148468,0.218024611371127,0.238105030565591,0.258355185422322,0.278765628473221,0.299328011821257,0.320034947578997,0.340879922531287,0.361857010548605,0.382960948262394,0.40418688985401,0.425530435330942,0.446987546006556,0.468554551349054,0.490228101886915,0.512004870208214,0.533882099434741,0.55585690630475,0.577926837585004,0.600089462214623,0.622342549203608,0.644684051037911,0.667111880213768,0.689624177790198,0.712219234835898,0.734895339222338,0.75765088615003,0.780484405679819,0.803394458315049,0.826379687017842,0.849438744499402,0.872570427204615,0.895773556046633,0.919046947718977,0.942389587815051,0.965800310181721,0.989278335584556,2,2,2,2,2,2,2,2,2,2,2,2,2,2,2,2,2,2,2,2,2,2,2,2,2,2,2,2,2,2,2,2,2,2,2,2,2,2,2,2,2,2,2,2,2,2,2,2,2,2,2,2,2
16.12,0.0144142909699258,0.0306528103336737,0.047689257295054,0.0652838791963238,0.0833161453822577,0.101712109665264,0.120421314199572,0.139406939931491,0.158640807140752,0.17810060155495,0.197768175058618,0.217628442601495,0.237668705372599,0.25787799073527,0.278246848520775,0.298766996928727,0.319431085919337,0.340232563177139,0.361165578006401,0.382224832781832,0.40340553420977,0.424703282346044,0.446114083070074,0.467634245517701,0.489260324373798,0.510989238507741,0.532817996009108,0.554743932706927,0.576764452803135,0.598877244034089,0.621079991780543,0.643370566190114,0.665747127920416,0.688207657031541,0.710750497850361,0.733373992780475,0.756076442248752,0.778856389284839,0.801712444612756,0.824643279477524,0.847647498576212,0.87072384934742,0.893871246699166,0.917088547306909,0.940374592015736,0.963728365978369,0.987148888556374,2,2,2,2,2,2,2,2,2,2,2,2,2,2,2,2,2,2,2,2,2,2,2,2,2,2,2,2,2,2,2,2,2,2,2,2,2,2,2,2,2,2,2,2,2,2,2,2,2,2,2,2,2
16.43,-1,0.0306069648467729,0.0476151224761677,0.065179576401632,0.0831801478821196,0.101543134536441,0.120218231266306,0.139168711262122,0.158366496706808,0.177789342003393,0.197419142161165,0.217240874083833,0.237241864374455,0.257411170227275,0.27773939253306,0.298218260726141,0.318840446936992,0.339599416290368,0.360489349831704,0.381504942366907,0.402641432471405,0.423894439445179,0.445259968914817,0.466734314387857,0.488314094305649,0.509996199536715,0.531777688077387,0.553655882417033,0.57562814152153,0.597692177070876,0.619845747585685,0.642086745236021,0.664413157804962,0.686823213646639,0.709315068018839,0.731887122665507,0.754537718928672,0.777265415556566,0.800068794144954,0.822946485745491,0.845897101022852,0.86891958125572,0.89201258865613,0.915175048353924,0.938405945050764,0.961704162975968,0.985068713178569,2,2,2,2,2,2,2,2,2,2,2,2,2,2,2,2,2,2,2,2,2,2,2,2,2,2,2,2,2,2,2,2,2,2,2,2,2,2,2,2,2,2,2,2,2,2,2,2,2,2,2,2,2
16.74,-1,0.0305620544920287,0.0475425073234818,0.0650774251448384,0.0830469936330897,0.101377707152678,0.120019410159207,0.138935505246973,0.158097990559461,0.177484669265371,0.197077525730688,0.216861547800654,0.236824108927898,0.256954349469845,0.277242837408277,0.297681321018496,0.318262516621547,0.338979927037895,0.359827734141901,0.380800649148064,0.401893936900849,0.423103180585795,0.444424447331507,0.465854015219668,0.487388609550224,0.509024948783718,0.530760243159786,0.552591715219604,0.574516831739949,0.596533240259677,0.618638753936814,0.640831243569263,0.663108745939228,0.685469456040786,0.707911511290585,0.73043334293108,0.753033293657575,0.775709930189412,0.798461829967843,0.821287638668833,0.844185988937484,0.867155771415478,0.890195723143157,0.913304702176929,0.936481675200992,0.959725659188086,0.98303555419822,2,2,2,2,2,2,2,2,2,2,2,2,2,2,2,2,2,2,2,2,2,2,2,2,2,2,2,2,2,2,2,2,2,2,2,2,2,2,2,2,2,2,2,2,2,2,2,2,2,2,2,2,2
17.05,-1,0.0305180462482388,0.0474713661656471,0.0649773623321385,0.0829165609504791,0.101215671486478,0.119824685785124,0.138707122009017,0.157835053395122,0.17718634737166,0.196743028592461,0.216490177585554,0.236415136054293,0.256507100678458,0.276756698561443,0.29715570806439,0.317696824716113,0.338373571189619,0.359180178156616,0.380111342890663,0.40116233944018,0.422328813393819,0.443606790407763,0.464992620153423,0.486482884198683,0.508074525564677,0.529764650542073,0.551550427678626,0.573429511728815,0.595399389658487,0.617457933617691,0.639603039447097,0.661832683552946,0.68414510847527,0.706538515859045,0.729011305322346,0.751561754529554,0.774188550464884,0.796890152374623,0.819665235234702,0.84251254368385,0.865430866011546,0.888418926038846,0.911475680542245,0.934600031564885,0.957790994030081,0.981047492429879,2,2,2,2,2,2,2,2,2,2,2,2,2,2,2,2,2,2,2,2,2,2,2,2,2,2,2,2,2,2,2,2,2,2,2,2,2,2,2,2,2,2,2,2,2,2,2,2,2,2,2,2,2
17.36,-1,0.0304749050400969,0.0474016462631846,0.0648793011500104,0.0827887477966454,0.101056906888608,0.119633919579171,0.13848337790091,0.157577470544123,0.176894118599466,0.196415395999515,0.216126410034641,0.236014565671247,0.256069104773778,0.276280637333706,0.296640958273393,0.317142859209082,0.337779818283683,0.358546088154417,0.379436409087505,0.400446050019304,0.421570671436783,0.442806274998267,0.464149311572287,0.485596281493156,0.507144206338546,0.528790038606625,0.550531256759675,0.57236519154695,0.594289625377558,0.616302234194811,0.638400935998358,0.660583844410079,0.682849129482609,0.705194947179883,0.727619699880395,0.750121872249445,0.77269983030981,0.795352330425287,0.818077862736684,0.840875251386541,0.863743215316433,0.886680621710216,0.909686337404797,0.932759330614889,0.955898461503056,0.979102821013266,2,2,2,2,2,2,2,2,2,2,2,2,2,2,2,2,2,2,2,2,2,2,2,2,2,2,2,2,2,2,2,2,2,2,2,2,2,2,2,2,2,2,2,2,2,2,2,2,2,2,2,2,2
17.67,-1,0.0304326013568218,0.0473332840340847,0.0647831720849046,0.0826634628825016,0.100901295228605,0.119446938180194,0.138264117370023,0.157325051177993,0.176607752151681,0.196094353791979,0.21576998032545,0.235622130460565,0.2556399901894,0.275814240479966,0.296136722613931,0.316600189579096,0.337198215316643,0.357925001243013,0.378775313271319,0.399744481931537,0.420828121638081,0.442022309704489,0.463323375602652,0.484728008653581,0.506233103618612,0.52783574650159,0.549533262627954,0.571323109698509,0.593202968483582,0.615170643971443,0.637224043205639,0.659361209619905,0.681580313692129,0.703879627176359,0.72625748163809,0.748712280747566,0.771242561034152,0.793846997150457,0.816524105688196,0.839272656275801,0.862091470890337,0.884979376603983,0.907935150178225,0.930957820187956,0.954046317876349,0.977199700067009,2,2,2,2,2,2,2,2,2,2,2,2,2,2,2,2,2,2,2,2,2,2,2,2,2,2,2,2,2,2,2,2,2,2,2,2,2,2,2,2,2,2,2,2,2,2,2,2,2,2,2,2,2
17.98,-1,0.0303911080257399,0.0472662391614629,0.0646888976195774,0.0825406149259076,0.100748722288451,0.119263633365636,0.138049145654788,0.157077592087495,0.17632704238987,0.195779670305629,0.215420638489715,0.235237454484351,0.255219415630587,0.275357149183142,0.295642547193775,0.316068403228632,0.336628276104141,0.357316388261771,0.37812755326602,0.399057073335159,0.420100586974794,0.441254206962559,0.462514242269331,0.483877440293641,0.505340553964898,0.526900891045124,0.548555634785916,0.570302332057983,0.592138619312734,0.614062316666432,0.636071291384724,0.658163732484802,0.680337651031341,0.702591430130851,0.724923382804836,0.747331897173377,0.769815561403587,0.792372908984718,0.815002691612088,0.837703503752845,0.8604741858013,0.883313626082113,0.906220563286755,0.929194079747948,0.952233110881514,0.975336601877443,0.998503670699042,2,2,2,2,2,2,2,2,2,2,2,2,2,2,2,2,2,2,2,2,2,2,2,2,2,2,2,2,2,2,2,2,2,2,2,2,2,2,2,2,2,2,2,2,2,2,2,2,2,2,2,2
18.29,-1,0.0303503887161148,0.0472004590721746,0.0645964195740496,0.0824201179473445,0.100599078642651,0.119083836481699,0.137838337353506,0.156834937048512,0.176051792461207,0.195471098905115,0.215078120917125,0.234860333450493,0.25480707694854,0.274909041786039,0.295158132567637,0.315547104943959,0.336069595668939,0.356719823922256,0.377492656596644,0.398383315468963,0.419387549010855,0.440501377784115,0.461721254124089,0.483043795522336,0.504465925215686,0.525984777650934,0.547597646054795,0.569302067669131,0.591095674892059,0.612976284760344,0.63494191151611,0.656990470029108,0.679120251687233,0.701329396699055,0.723616396073505,0.745979607911424,0.768417639015102,0.790928972653729,0.813512327424053,0.83616642419641,0.858890094353842,0.881682042464748,0.904541307310025,0.927466677971973,0.950457254041547,0.973512028618597,0.996629899179483,2,2,2,2,2,2,2,2,2,2,2,2,2,2,2,2,2,2,2,2,2,2,2,2,2,2,2,2,2,2,2,2,2,2,2,2,2,2,2,2,2,2,2,2,2,2,2,2,2,2,2,2
18.6,-1,0.0303104250363161,0.0471359056095642,0.0645056772021331,0.0823018866631636,0.100452245208732,0.118907458685571,0.137631526808731,0.156596904439977,0.175781792098934,0.195168450173746,0.214742145315272,0.234490466179523,0.254402676151469,0.274469584382392,0.294683048234531,0.315035897167721,0.335521748631725,0.356134876583444,0.376870106486695,0.397722706520841,0.418688437088392,0.439763338691688,0.460943839615924,0.482226567368161,0.503608484339868,0.525086688862942,0.546658555517913,0.568321567796271,0.59007343006074,0.611911868213014,0.633834918801265,0.655840556310607,0.677927034734227,0.700092569917046,0.722335536852675,0.744654447704688,0.767047698060664,0.789513976973589,0.812051962158642,0.834660308738493,0.857337892075157,0.880083431817252,0.902895939497493,0.925774215203789,0.948717404108969,0.971724409718318,0.994794285854652,2,2,2,2,2,2,2,2,2,2,2,2,2,2,2,2,2,2,2,2,2,2,2,2,2,2,2,2,2,2,2,2,2,2,2,2,2,2,2,2,2,2,2,2,2,2,2,2,2,2,2,2
18.91,-1,0.0302711841269631,0.0470725313835687,0.064416602725479,0.0821858343436436,0.100308149415137,0.118734368995379,0.137428578429137,0.156363332308597,0.175516861587406,0.194871502320239,0.214412531895929,0.2341275832425,0.254005957471347,0.274038490244535,0.29421702657641,0.314534455886387,0.334984384420224,0.355561113901694,0.376259471711838,0.397074789400506,0.418002753767845,0.439039507895985,0.460181383995347,0.481425137019286,0.502767630569618,0.52420607523164,0.545737756388813,0.567360188142656,0.589071062347182,0.61086818256824,0.632749555189166,0.654713147448894,0.676757232617488,0.698880002930181,0.721079884824431,0.743355307995955,0.76570477238229,0.788126941720652,0.81062041664757,0.833184004280165,0.855816388403287,0.878516508885905,0.90128320444992,0.924115483749185,0.947012214224035,0.969972481708293,0.992995316849577,2,2,2,2,2,2,2,2,2,2,2,2,2,2,2,2,2,2,2,2,2,2,2,2,2,2,2,2,2,2,2,2,2,2,2,2,2,2,2,2,2,2,2,2,2,2,2,2,2,2,2,2
19.22,-1,0.0302326460106315,0.0470103077929022,0.0643291370942586,0.0820719024670602,0.10016669754731,0.118564446070376,0.137229369409336,0.156134062682195,0.175256837629981,0.194580048105456,0.214089056583692,0.233771452700147,0.253616639286452,0.273615435734916,0.293759732359128,0.314042426383267,0.334457134799835,0.354998156215246,0.375660370137087,0.396439091558404,0.41733008212262,0.438329377365993,0.459433411621297,0.480638958867882,0.501942791912584,0.5233422064411,0.544834484813407,0.566417171874826,0.588087888951181,0.609844546663426,0.631684998401407,0.653607408183086,0.675609910124619,0.697690802810695,0.71984846949384,0.742081285503043,0.76438787492211,0.786766771104812,0.809216737785268,0.831736403161578,0.854324609746158,0.876980214685838,0.899702047762384,0.922489124962866,0.945340405842831,0.968254876449077,0.99123165484414,2,2,2,2,2,2,2,2,2,2,2,2,2,2,2,2,2,2,2,2,2,2,2,2,2,2,2,2,2,2,2,2,2,2,2,2,2,2,2,2,2,2,2,2,2,2,2,2,2,2,2,2
19.53,-1,0.0301947866870823,0.0469491788612228,0.0642432378953948,0.0819600155710751,0.100027776899196,0.118397607542962,0.137033773651159,0.155908966243477,0.17500154222857,0.194293910384368,0.213771466114452,0.233421856079676,0.253234478090799,0.273200154423409,0.293310866059074,0.31355946019275,0.333939610858768,0.354445651721864,0.375072419000428,0.395815231999825,0.416669892801937,0.437632509712357,0.458699462534782,0.479867473124061,0.501133446743016,0.522494565221371,0.543948239781516,0.565491891429398,0.587123246721277,0.608840194030643,0.630640624875075,0.652522645110592,0.674484416896218,0.696524213068356,0.718640423694373,0.740831541102851,0.76309609357076,0.785432645856338,0.807839846545113,0.830316531107437,0.852861388551624,0.875473365579836,0.898151305769264,0.920894125125635,0.943700825138321,0.966570486965256,0.989502143258609,2,2,2,2,2,2,2,2,2,2,2,2,2,2,2,2,2,2,2,2,2,2,2,2,2,2,2,2,2,2,2,2,2,2,2,2,2,2,2,2,2,2,2,2,2,2,2,2,2,2,2,2
19.84,-1,0.0301575826920178,0.0468891220009917,0.064158847864218,0.0818500971445313,0.0998913195060148,0.118233720031385,0.136841650731826,0.155687876156352,0.174750823263452,0.194012924947653,0.213459599021807,0.233078562654779,0.252859212081015,0.272792418339038,0.292870119456825,0.313085281721104,0.333431528951861,0.353903206167232,0.37449517526596,0.395202809626383,0.416021834569171,0.436948425536342,0.45797898308546,0.479110184826723,0.500339028321805,0.521662582230004,0.54307837073484,0.564583754276309,0.586176537634648,0.607854529518054,0.629615697556671,0.65145806113714,0.67337988108261,0.695379415518732,0.717455074278966,0.739605274082204,0.761828544039724,0.784123546741869,0.806488933586968,0.828923381089834,0.851425811653384,0.873995022777279,0.896629863267493,0.919329306266617,0.94209231895212,0.964918083888156,0.987805378600468,2,2,2,2,2,2,2,2,2,2,2,2,2,2,2,2,2,2,2,2,2,2,2,2,2,2,2,2,2,2,2,2,2,2,2,2,2,2,2,2,2,2,2,2,2,2,2,2,2,2,2,2
20.15,-1,0.0301210155577489,0.0468301047602693,0.0640759195557253,0.0817420953674869,0.0997572450992249,0.118072706012511,0.136652907089446,0.155470694983527,0.174504519737123,0.193736895086494,0.213153270686099,0.232741345644474,0.252490609924416,0.272391933229813,0.292437285133994,0.312619573444363,0.33293252942902,0.353370485618171,0.37392831394263,0.394601401024664,0.415385480629055,0.436276709205544,0.457271546124897,0.478366644513439,0.499559014837686,0.520845757041565,0.542224315215582,0.563692193339962,0.585247095483413,0.606886906140899,0.628609495152239,0.650413012026471,0.672295675224664,0.694255705666112,0.716291473446921,0.738401537190373,0.760584359486693,0.782838627499057,0.805162955614155,0.82755612720673,0.850016874330079,0.872544104184021,0.895136750241059,0.917793648010589,0.94051391006292,0.963296427979314,0.986140461275157,2,2,2,2,2,2,2,2,2,2,2,2,2,2,2,2,2,2,2,2,2,2,2,2,2,2,2,2,2,2,2,2,2,2,2,2,2,2,2,2,2,2,2,2,2,2,2,2,2,2,2,2
20.46,-1,0.0300850633589062,0.0467720807128438,0.063994405055395,0.0816359397783636,0.0996254864318486,0.117914460815088,0.136467430499139,0.155257278157748,0.174262506819442,0.193465687822838,0.212852283671017,0.232410060875952,0.252128506771621,0.271998495646427,0.292012041152654,0.312162106575287,0.332442361117924,0.352847197224291,0.373371506140515,0.39401064553951,0.414760435725728,0.435616951471509,0.456576691154871,0.477636350146424,0.49879294407235,0.520043525239156,0.54138559474964,0.562816682826987,0.584334406149089,0.605936661043268,0.627621452928243,0.649386835326522,0.671231050719056,0.693152270144197,0.715149029304809,0.737219710128435,0.759362829132118,0.781577156747244,0.803861173923921,0.826213734702896,0.848633647547249,0.871119798389393,0.8936709253211,0.91628616110671,0.938964428048259,0.96170475116528,0.984506190189383,2,2,2,2,2,2,2,2,2,2,2,2,2,2,2,2,2,2,2,2,2,2,2,2,2,2,2,2,2,2,2,2,2,2,2,2,2,2,2,2,2,2,2,2,2,2,2,2,2,2,2,2
20.77,-1,0.0300497090833691,0.0467150289388716,0.0639142652126061,0.0815315793152856,0.0994959420865736,0.11775891840466,0.136285111919139,0.155047498474348,0.174024646299805,0.193199121678226,0.212556476797194,0.232084475850202,0.251772618870972,0.27161185522114,0.291594175410194,0.311712565430907,0.331960729423496,0.352333038725706,0.372824423762478,0.393430263698267,0.414146319567249,0.434968765729738,0.455894070711696,0.476918921463268,0.498040316462491,0.51925550773257,0.54056174056622,0.56195663500685,0.583437872070451,0.605003323521577,0.626651019419045,0.648378968189208,0.670185367934366,0.692068602235185,0.714026974922249,0.736058983760729,0.758163211501182,0.780338246963805,0.802582787486856,0.82489556797688,0.847275401536547,0.869721093207166,0.892231665547818,0.914805941425205,0.93744300329493,0.960141885877197,0.982901509815591,2,2,2,2,2,2,2,2,2,2,2,2,2,2,2,2,2,2,2,2,2,2,2,2,2,2,2,2,2,2,2,2,2,2,2,2,2,2,2,2,2,2,2,2,2,2,2,2,2,2,2,2
21.08,-1,0.030014928589993,0.046658917586466,0.0638354465948779,0.0814289496589811,0.0993685731188337,0.117605976838348,0.136105857817158,0.154841255364668,0.173790792989187,0.192937075199055,0.212265675365035,0.231764419492093,0.251422803869957,0.271231803564483,0.291183443480287,0.311270728211998,0.331487354767229,0.351827716595526,0.372286733672305,0.392859840151408,0.413542810480505,0.434331791889288,0.455223256311833,0.476213929390739,0.497300845816639,0.518481117716209,0.53975218405481,0.561111544123326,0.582556997506439,0.604086292358655,0.625697503078488,0.647388678968983,0.66915804220214,0.691003915574169,0.712924629725203,0.734918710486518,0.756984718748625,0.77912122676585,0.801326968147725,0.823600685373027,0.845941130071098,0.868347254130822,0.890817919440225,0.913352038268714,0.935948634326638,0.958606838440723,0.981325605079461,2,2,2,2,2,2,2,2,2,2,2,2,2,2,2,2,2,2,2,2,2,2,2,2,2,2,2,2,2,2,2,2,2,2,2,2,2,2,2,2,2,2,2,2,2,2,2,2,2,2,2,2
21.39,-1,0.0299807135396873,0.046603715954902,0.0637579174014316,0.0813280079606932,0.0992432983611611,0.117455555088504,0.135929580422847,0.154638443085261,0.173560822767679,0.192679393457857,0.211979744817881,0.231449727560049,0.25107887964604,0.270858164261537,0.290779651575581,0.310836334632292,0.331021941698926,0.351330934473883,0.371758178131517,0.392299103068007,0.412949550219212,0.433705657625251,0.454563880493371,0.475520964715851,0.496573941221969,0.517719996741597,0.538956494003698,0.560280963049805,0.581691190645629,0.603185018223592,0.624760420003999,0.646415516542179,0.668148516893109,0.689957663154406,0.711841405671309,0.733798274875984,0.755826676994065,0.777925375320091,0.800093054279503,0.822328412161401,0.844630267099232,0.866997447711607,0.889428897914411,0.911923607612059,0.93448053225929,0.957098745910993,0.979777281243782,2,2,2,2,2,2,2,2,2,2,2,2,2,2,2,2,2,2,2,2,2,2,2,2,2,2,2,2,2,2,2,2,2,2,2,2,2,2,2,2,2,2,2,2,2,2,2,2,2,2,2,2
21.7,-1,0.0299470383082597,0.0465493989547146,0.0636816310570509,0.0812286979834659,0.0991200479753094,0.117307577227045,0.135756169787772,0.154438938871542,0.173334635835803,0.192425958663986,0.21169852428862,0.231140201212952,0.250740604001358,0.270490675236962,0.29038252999404,0.310409141083046,0.33056431073676,0.350842437727711,0.371238435411385,0.391747758646965,0.412366229297885,0.433090018381061,0.453915565610686,0.474839680171333,0.495859363845124,0.516971730815389,0.538174248966104,0.559464471451636,0.580840152463404,0.602299107017844,0.623839323856551,0.645458941929383,0.667156165441111,0.688929272903593,0.710776693284297,0.732696942291721,0.754688534206848,0.776750075687665,0.798880340398506,0.821077974156265,0.843341882656536,0.865670879709755,0.888063923479404,0.910519893327237,0.933037837988993,0.955616868563396,0.978255878081138,2,2,2,2,2,2,2,2,2,2,2,2,2,2,2,2,2,2,2,2,2,2,2,2,2,2,2,2,2,2,2,2,2,2,2,2,2,2,2,2,2,2,2,2,2,2,2,2,2,2,2,2
22.01,-1,0.0299138916464749,0.0464959440031287,0.0636065649269848,0.081130969441217,0.0989987841889057,0.117161985121175,0.135585550475452,0.154242664114878,0.173112100154689,0.192176624162214,0.211421874195356,0.230835739389194,0.250407870262479,0.270129215699559,0.289991925761497,0.309988968487418,0.330114177577572,0.350361954836287,0.370727246750424,0.391205522306833,0.411792544993111,0.432484563970428,0.45327801056131,0.474169712044081,0.495156595842811,0.516235892925334,0.537405062709245,0.558661608334855,0.580003289711436,0.601427971029794,0.622933632322542,0.644518372511318,0.666180469349256,0.687918157671034,0.709729929158194,0.731614160568144,0.753569560165674,0.775594617241015,0.797688073011248,0.819848733188318,0.842075368288636,0.86436684887911,0.886722099976338,0.909140046152646,0.931619696703017,0.954160166922815,0.976760504121149,0.999419769306467,2,2,2,2,2,2,2,2,2,2,2,2,2,2,2,2,2,2,2,2,2,2,2,2,2,2,2,2,2,2,2,2,2,2,2,2,2,2,2,2,2,2,2,2,2,2,2,2,2,2,2
22.32,-1,0.0298812595827551,0.0464433198887832,0.0635326693327587,0.0810347809094544,0.0988794196617302,0.117018698066214,0.135417632483401,0.154049497708854,0.172893116221392,0.191931263891418,0.211149639481474,0.230536181365089,0.250080479244752,0.269773580571587,0.289607604902447,0.309575614472767,0.329671344035235,0.349889275345776,0.370224389939048,0.39067206472456,0.411228231070692,0.431888985905012,0.452650893973965,0.473510692499263,0.494465392185417,0.515512201925182,0.536648485766498,0.557871918035143,0.57918019595727,0.600571151213626,0.622042867697285,0.643593378034407,0.665220938449511,0.686923820836417,0.708700521737153,0.730549413524074,0.752469179606945,0.774458374199194,0.79651575093933,0.81864005295773,0.840830051053485,0.863084647047738,0.885402785839731,0.90778337568898,0.930225423937559,0.952728031032929,0.975290254936706,0.997911096198458,2,2,2,2,2,2,2,2,2,2,2,2,2,2,2,2,2,2,2,2,2,2,2,2,2,2,2,2,2,2,2,2,2,2,2,2,2,2,2,2,2,2,2,2,2,2,2,2,2,2,2
22.63,-1,0.0298491220167155,0.0463915000137936,0.0634599173753653,0.0809400790594857,0.0987619175801178,0.116877644675089,0.135252360127617,0.153859371271762,0.172677585144861,0.191689791871873,0.210881721877323,0.2302413197585,0.249758278768119,0.269423594570631,0.289229430154447,0.309168812574727,0.329235593176473,0.34942417627393,0.369729570666573,0.39014719188098,0.410672937523553,0.431303010391394,0.452033834966989,0.472862284925143,0.493785312226746,0.514800140023099,0.535904198313116,0.557095070471353,0.578370477035027,0.5997283632376,0.621166591028818,0.642683447020901,0.664277037336706,0.685945753786674,0.707687904505293,0.729502105541289,0.751386905672207,0.773340842951128,0.795362699447038,0.81745123107358,0.839605237848484,0.861823584206702,0.884105211941848,0.906449103227878,0.928854198055839,0.95131964689483,0.973844437558206,0.996427654277144,2,2,2,2,2,2,2,2,2,2,2,2,2,2,2,2,2,2,2,2,2,2,2,2,2,2,2,2,2,2,2,2,2,2,2,2,2,2,2,2,2,2,2,2,2,2,2,2,2,2,2
22.94,-1,0.0298174710165804,0.0463404705772363,0.0633882700237915,0.0808468328498744,0.0986462288275028,0.116738756937383,0.135089630901017,0.15367220133399,0.172465394839359,0.191452071145713,0.210617983360036,0.229951093117732,0.249441118420953,0.269079077457184,0.288857163420496,0.308768413825152,0.328806674911324,0.348966384943518,0.369242550793861,0.38963062262724,0.410126494133289,0.430726313019136,0.451426643729828,0.472224204443089,0.493116108698109,0.514099470404321,0.535171776639119,0.556330621950118,0.577573751412438,0.598899056880532,0.620304444236561,0.641788128513275,0.663348356604338,0.684983447064547,0.706691696570187,0.728471763081675,0.75032212059693,0.77224139523344,0.794228341341932,0.816281739763183,0.838400373876222,0.860583103926582,0.882828868396891,0.90513660581695,0.927505393549771,0.949934246135262,0.972422272980755,0.99496847836053,2,2,2,2,2,2,2,2,2,2,2,2,2,2,2,2,2,2,2,2,2,2,2,2,2,2,2,2,2,2,2,2,2,2,2,2,2,2,2,2,2,2,2,2,2,2,2,2,2,2,2
23.25,-1,0.029786290493409,0.0462901986366055,0.0633177016737424,0.0807549910049187,0.0985322872790443,0.11660199533129,0.134929375644387,0.15348788003139,0.17225644675098,0.191217989303843,0.21035829609209,0.229665354156015,0.249128861865218,0.268739903898866,0.288490668639914,0.30837425207017,0.328384439343728,0.348515735516166,0.368763144611837,0.389122140468982,0.409588559579509,0.430158661136299,0.450828934747284,0.471596136658302,0.492457410130328,0.513409848910887,0.534450938013116,0.55557828659926,0.576789599105218,0.598082828922976,0.619455920222988,0.640907092151245,0.662434473508975,0.684036418753598,0.705711366448349,0.7274577852321,0.749274282514994,0.77115953584154,0.793112142278704,0.815130963516778,0.83721481747515,0.859362511569893,0.881572996638851,0.903845293979596,0.926178294486281,0.94857117479565,0.971022973824575,0.993532847503878,2,2,2,2,2,2,2,2,2,2,2,2,2,2,2,2,2,2,2,2,2,2,2,2,2,2,2,2,2,2,2,2,2,2,2,2,2,2,2,2,2,2,2,2,2,2,2,2,2,2,2
23.56,-1,0.0297555634178439,0.0462406764685132,0.0632481861990508,0.0806645180532081,0.0984200471872414,0.116467282120209,0.134771550507227,0.153306338488495,0.17205066551513,0.190987469415167,0.210102536724404,0.229383924067361,0.248821355137866,0.268405921777113,0.288129798517225,0.307986095220532,0.327968695404264,0.34807201832012,0.36829110316414,0.3886214507551,0.409058941827433,0.429599773621229,0.450240479116994,0.470977822137619,0.491808919388813,0.512730910615255,0.533741316538566,0.554837642729649,0.576017708944694,0.597279377378109,0.618620687264324,0.640039808016244,0.661534855011224,0.683104244675517,0.70474641602032,0.726459793727536,0.748243022809571,0.770094690179466,0.792013588674574,0.813998388546212,0.836047966754885,0.858161211613217,0.880337015012008,0.902574437934364,0.924872327406545,0.94722989958003,0.969646152015153,0.992120212124324,2,2,2,2,2,2,2,2,2,2,2,2,2,2,2,2,2,2,2,2,2,2,2,2,2,2,2,2,2,2,2,2,2,2,2,2,2,2,2,2,2,2,2,2,2,2,2,2,2,2,2
23.87,-1,0.0297252840663085,0.0461918752416476,0.0631796850013604,0.0805753852471375,0.0983094770156723,0.116334555435051,0.134616054289637,0.153127498022884,0.171847954950608,0.19076038649466,0.209850618805127,0.22910673244576,0.248518491037732,0.268076963700608,0.28777435135594,0.307603827482441,0.327559225261029,0.347635025090284,0.367826234963084,0.388128400304884,0.408537383514729,0.429049411539261,0.449660987621884,0.470368965609603,0.491170331410407,0.512062382102742,0.53304254289637,0.554108377646605,0.57525766452116,0.596488325294031,0.617798332550594,0.639185900776109,0.660649157082493,0.682186543031216,0.703796395721946,0.725477284844876,0.74722775664532,0.769046426236209,0.790932081736274,0.812883470963807,0.834899375171571,0.856978731187753,0.879120419072191,0.901323461225731,0.923586818963137,0.945909589907491,0.968290877685712,0.99072969186474,2,2,2,2,2,2,2,2,2,2,2,2,2,2,2,2,2,2,2,2,2,2,2,2,2,2,2,2,2,2,2,2,2,2,2,2,2,2,2,2,2,2,2,2,2,2,2,2,2,2,2
24.18,-1,0.029695439145163,0.046143774978828,0.063112178730645,0.0804875419800823,0.0982005114774251,0.116203779171059,0.134462847942789,0.152951293064193,0.17164823027026,0.190536655226756,0.209602430258248,0.228833672378286,0.248220088055132,0.267752878441336,0.287424216658641,0.307227263449184,0.327155883223567,0.347204567522898,0.367368344155525,0.387642770652082,0.4080236613813,0.428507309007745,0.449090269090617,0.469769285616314,0.490541473957228,0.51140399975896,0.532354401569627,0.553390167941096,0.574509219409189,0.595709289314781,0.616988499927864,0.638345041899278,0.659776999240512,0.681282865466764,0.702860971011595,0.724509841231851,0.746228043404801,0.768014301691144,0.789867258586365,0.811785692602729,0.833768480446284,0.855814507307492,0.87792258766177,0.900091817435081,0.922321233361842,0.944609751128322,0.966956608080413,0.989360803257053,2,2,2,2,2,2,2,2,2,2,2,2,2,2,2,2,2,2,2,2,2,2,2,2,2,2,2,2,2,2,2,2,2,2,2,2,2,2,2,2,2,2,2,2,2,2,2,2,2,2,2
24.49,-1,0.0296660121683033,0.0460963605974879,0.0630456371278869,0.0804009556287795,0.0980931136952804,0.116074896120741,0.134311851662829,0.152777650016354,0.171451410686199,0.190316190643713,0.209357884081256,0.228564591887371,0.247926091856637,0.267433552101834,0.28707924221027,0.306856229185719,0.326758492041202,0.346780449810078,0.36691724363288,0.387164294453577,0.407517590552,0.427973303196214,0.448528035045825,0.469178558452563,0.489921964233918,0.510755431909634,0.53167652006189,0.552682735918052,0.573771958002083,0.59494197017082,0.61619086967849,0.637516797889863,0.65891801599039,0.680392777983816,0.701939589205436,0.723557004300715,0.745243477126187,0.766997773184363,0.788818536331187,0.810704608560536,0.832654806122355,0.854667987381987,0.87674302034675,0.898879022449016,0.921074948355531,0.943329740682549,0.965642762772342,0.988012927809327,2,2,2,2,2,2,2,2,2,2,2,2,2,2,2,2,2,2,2,2,2,2,2,2,2,2,2,2,2,2,2,2,2,2,2,2,2,2,2,2,2,2,2,2,2,2,2,2,2,2,2
24.8,-1,0.0296369972205559,0.0460496084630755,0.0629800349147137,0.080315606136012,0.097987245279858,0.115947839007587,0.134163029243625,0.15260649472573,0.171257431979489,0.190098898312795,0.209116846391828,0.228299395104873,0.247636336066814,0.267118882986393,0.286739263844317,0.306490630447422,0.32636686805803,0.34636254021407,0.366472711615524,0.386692842009291,0.407018890776145,0.427447127755932,0.447974051109053,0.468596522122559,0.489311566175138,0.510116458796783,0.531008624030987,0.551985759632455,0.573045619833741,0.594186016596614,0.615405056282765,0.636700921645794,0.658071726819139,0.679515973184496,0.701032052615682,0.722618411794288,0.744273647662505,0.765996494335262,0.787785610141103,0.809639738250776,0.831557841018074,0.853538669740461,0.875581239541049,0.897684456000408,0.919847429997616,0.94206915485587,0.964348818873235,0.986685370058092,2,2,2,2,2,2,2,2,2,2,2,2,2,2,2,2,2,2,2,2,2,2,2,2,2,2,2,2,2,2,2,2,2,2,2,2,2,2,2,2,2,2,2,2,2,2,2,2,2,2,2
25.11,-1,0.0296083824769291,0.0460035072105915,0.0629153457212412,0.0802314452858617,0.0978828626980059,0.115822585742564,0.134016292139167,0.152437758244467,0.171066187154392,0.189884704382236,0.208879256098524,0.228037986361426,0.247350743451655,0.266808709170534,0.286404166313889,0.306130257573493,0.325980900220952,0.345950670581201,0.366034599984644,0.386228212557169,0.406527445694614,0.426928564575231,0.447428127962966,0.468022899125696,0.488710056549146,0.509486764342791,0.53035052181624,0.551298975692865,0.572329884632188,0.593441124046099,0.614630740711757,0.635896984780105,0.657237959329419,0.678652070836161,0.70013780309944,0.721693633124761,0.743318115296794,0.765009947158211,0.786767865462577,0.808590646194857,0.830477089212734,0.852426105126658,0.874436685568028,0.89650770042681,0.918638211151709,0.940827271695156,0.963074070140884,0.985377725757722,2,2,2,2,2,2,2,2,2,2,2,2,2,2,2,2,2,2,2,2,2,2,2,2,2,2,2,2,2,2,2,2,2,2,2,2,2,2,2,2,2,2,2,2,2,2,2,2,2,2,2
25.42,-1,0.029580156108275,0.0459580410901296,0.0628515518517438,0.0801484497210411,0.0977799290947045,0.115699062573303,0.133871616114437,0.152271383185057,0.170877631022834,0.189673511093052,0.208645005352701,0.227780272592513,0.24706918514249,0.266502915705172,0.286073800289725,0.305774998856463,0.325600425178833,0.34554463633679,0.365602741920398,0.385770222492027,0.406043026223703,0.426417430706643,0.446889997101486,0.46745756869076,0.488117175047151,0.508866157399346,0.529701892758524,0.550622088999926,0.571624472852719,0.592707028832765,0.613867700959604,0.635104698773696,0.656416260739416,0.677800744525772,0.699256608896011,0.720782338352494,0.742376527352418,0.764037847151707,0.785765037937969,0.807556899981315,0.829412239604549,0.851329910372907,0.873308887071907,0.89534819961838,0.917446774632986,0.939603761686243,0.961818182280412,0.984089199797041,2,2,2,2,2,2,2,2,2,2,2,2,2,2,2,2,2,2,2,2,2,2,2,2,2,2,2,2,2,2,2,2,2,2,2,2,2,2,2,2,2,2,2,2,2,2,2,2,2,2,2
25.73,-1,0.0295523107522737,0.0459131916856874,0.0627886261115379,0.0800665916495787,0.0976784161762614,0.115577247967341,0.133728933303463,0.152107313181599,0.170691698572598,0.189465245023734,0.208413999896516,0.227526149716562,0.246791545286219,0.266201404734374,0.285748088747561,0.305424732779528,0.325225305704709,0.345144341901573,0.365176956660066,0.385318663794018,0.405565443974872,0.425913519744538,0.446359483986861,0.466900219525504,0.487532762049562,0.508254351484686,0.52906252613203,0.549954840782278,0.570929191333902,0.59198334339671,0.613115488188214,0.634323707732987,0.655606326081977,0.676961580592357,0.698387992651375,0.719884106100953,0.741448502178971,0.76307978028391,0.784776678243586,0.806538057742961,0.828362723744013,0.850249507548827,0.872197490079155,0.894205483890056,0.916272654478221,0.938397943736614,0.960580599237964,0.982819672071334,2,2,2,2,2,2,2,2,2,2,2,2,2,2,2,2,2,2,2,2,2,2,2,2,2,2,2,2,2,2,2,2,2,2,2,2,2,2,2,2,2,2,2,2,2,2,2,2,2,2,2
26.04,-1,0.0295248363426916,0.0458689368912779,0.0627265418199129,0.079985833506486,0.0975782732624305,0.115457089962159,0.133588193387183,0.151945480253671,0.170508294479297,0.189259851802204,0.208186181873596,0.22727550282569,0.246517734049657,0.265904085440143,0.285426863653488,0.305079303094366,0.324855383379114,0.344749591643033,0.364757085532111,0.384873415236092,0.40509450643498,0.425416643293084,0.445836409055803,0.466350675651117,0.486956468846404,0.507651151620934,0.528432089919587,0.549296985908661,0.57024362088731,0.591269951979518,0.612373937045978,0.633553852080892,0.654807860161992,0.676134340519087,0.697531814673173,0.718998668767444,0.740533616840394,0.762135310618293,0.783802443098946,0.80553374632637,0.827328182891503,0.84918460700456,0.871101968511601,0.89307916598957,0.915115365536835,0.937209485054033,0.959360767932605,0.981568281738434,2,2,2,2,2,2,2,2,2,2,2,2,2,2,2,2,2,2,2,2,2,2,2,2,2,2,2,2,2,2,2,2,2,2,2,2,2,2,2,2,2,2,2,2,2,2,2,2,2,2,2
26.35,-1,0.0294977204459904,0.0458252707952189,0.0626652867784656,0.0799061589411092,0.0974794626606282,0.115338550544572,0.133449347631345,0.151785838363008,0.170327378284242,0.189057235117031,0.20796145084152,0.22702827950192,0.246247635970367,0.265610787443208,0.285110049290223,0.304738632289848,0.324490506648627,0.344360265747893,0.364343029337664,0.384434315307104,0.404630076393977,0.424926664736603,0.445320591425347,0.465808776590567,0.486388224475848,0.507056307318921,0.527810442207549,0.548648288650965,0.569567651752335,0.590566469284214,0.611642777219405,0.632794678639083,0.654020590428565,0.675318709927557,0.696687571064106,0.718125641197791,0.739631622901959,0.761204113849114,0.782841869373127,0.80454365040555,0.826308328655328,0.848134781262393,0.870021936896776,0.891968803548093,0.913974449380047,0.936037846776322,0.958158231805977,0.980334689949987,2,2,2,2,2,2,2,2,2,2,2,2,2,2,2,2,2,2,2,2,2,2,2,2,2,2,2,2,2,2,2,2,2,2,2,2,2,2,2,2,2,2,2,2,2,2,2,2,2,2,2
26.66,-1,0.0294709591943413,0.0457821771550167,0.0626048380164988,0.0798275399647698,0.0973819792184094,0.115221577564513,0.133312354181726,0.151628317719616,0.170148888776567,0.188857333007842,0.207739734115171,0.226784392315078,0.245981209811911,0.265321475018775,0.284797501819834,0.304402561029934,0.324130619407029,0.343976236455648,0.363934564435894,0.384001162574085,0.404171990448671,0.424443348029599,0.444811829483765,0.465274267554792,0.485827785263664,0.5064695983128,0.527197307898175,0.548008542472997,0.568901017585536,0.589872670315711,0.610921661676924,0.632046073958314,0.653244161781097,0.674514320368403,0.695855024345484,0.717264757873697,0.7387421978679,0.760285867765925,0.781894669705049,0.803567318291863,0.825302618875917,0.847099554284685,0.868957001895828,0.890873969705256,0.912849547495419,0.934882700836043,0.956972548934651,0.979118437257937,2,2,2,2,2,2,2,2,2,2,2,2,2,2,2,2,2,2,2,2,2,2,2,2,2,2,2,2,2,2,2,2,2,2,2,2,2,2,2,2,2,2,2,2,2,2,2,2,2,2,2
26.97,-1,0.0294445403799061,0.045739641331836,0.06254517786011,0.0797499387904786,0.0972857595729146,0.115106139790446,0.133177156563417,0.151472883706296,0.169972747535269,0.188660076003528,0.207520988818176,0.226543747509216,0.245718326536742,0.265036004396525,0.284489127111956,0.304070977385916,0.323775533386284,0.343597340518128,0.363531617169283,0.38357385078543,0.403720076630734,0.423966542348509,0.444309866182392,0.464746969615878,0.485274878956191,0.505890874248338,0.526592541200654,0.547377416361994,0.568243403585303,0.589188354590465,0.610210389619328,0.631307629821858,0.65247837188773,0.673720969719379,0.695033908980973,0.716415655562799,0.73786489483214,0.75938027724147,0.780960505169378,0.80260439261874,0.82431081634268,0.846078600746214,0.867906793373243,0.889794280424243,0.911740179228909,0.933743547094344,0.95580337666279,0.977919013553336,2,2,2,2,2,2,2,2,2,2,2,2,2,2,2,2,2,2,2,2,2,2,2,2,2,2,2,2,2,2,2,2,2,2,2,2,2,2,2,2,2,2,2,2,2,2,2,2,2,2,2
27.28,-1,0.0294184584768044,0.0456976461739526,0.0624862799661721,0.0796733470875713,0.0971907868487978,0.114992208572066,0.13304372954655,0.151319465475674,0.169798925972194,0.188465409803923,0.207305087966699,0.22630625959045,0.245458899513897,0.264754295393457,0.28418484052165,0.303743792046615,0.32342515109744,0.343223502721074,0.36313400375656,0.383152239524205,0.403274170386719,0.423496105158255,0.443814661020933,0.464226730268028,0.484729363273987,0.505319920162103,0.52599587334031,0.546754859349786,0.567594633511511,0.588513255497391,0.609508662495588,0.63057914992522,0.651722905591849,0.672938359242812,0.694223883053117,0.715578101194301,0.73699954055307,0.75848697758415,0.780039019838836,0.801654589738498,0.823332509413079,0.845071573471498,0.866870857987463,0.888729310076876,0.910645993170588,0.932619941998022,0.954650277409599,0.976736067359962,0.998876601066454,2,2,2,2,2,2,2,2,2,2,2,2,2,2,2,2,2,2,2,2,2,2,2,2,2,2,2,2,2,2,2,2,2,2,2,2,2,2,2,2,2,2,2,2,2,2,2,2,2,2
27.59,-1,0.0293927034967717,0.0456561856914405,0.0624281359035853,0.0795977250980268,0.0970970329208269,0.114879728645717,0.13291201156022,0.151168036860693,0.169627339903336,0.18827326005269,0.207091981202767,0.226071848636059,0.245202838727903,0.264476266445593,0.283884512327409,0.30342087157837,0.323079358347033,0.342854541274893,0.362741610567819,0.382736154221989,0.40283413477284,0.42303186288741,0.443326025705566,0.463713408067907,0.484191121398961,0.504756547162558,0.525407119733388,0.546140463582351,0.566954490146452,0.587847139875004,0.608816337014357,0.629860372732375,0.65097752614465,0.672166172659872,0.693424723235088,0.714751723526034,0.73614581429419,0.757605628124892,0.779129932022798,0.800717589018747,0.822367369614795,0.844078144635083,0.865848929394377,0.88767872963351,0.909566607400563,0.931511527928471,0.953512608288232,0.975569145074004,0.997680218908049,2,2,2,2,2,2,2,2,2,2,2,2,2,2,2,2,2,2,2,2,2,2,2,2,2,2,2,2,2,2,2,2,2,2,2,2,2,2,2,2,2,2,2,2,2,2,2,2,2,2
27.9,-1,0.0293672697489885,0.045615246807456,0.0623707173980956,0.0795230635936656,0.0970044707914393,0.114768690180341,0.132781976442629,0.151018541297765,0.169457942771684,0.188083572195587,0.206881634848983,0.225840475714869,0.244950075930479,0.264201812511056,0.283588072837467,0.303102137166623,0.322738032811926,0.342490382234725,0.362354311239737,0.382325465578709,0.402399831030882,0.422573700397624,0.44284369402196,0.46320674271563,0.483659890921094,0.504200502774384,0.5248260416974,0.545534230486869,0.56632279923987,0.587189739868289,0.608133101188745,0.629151126277208,0.650242003816169,0.671404188969126,0.692636095634733,0.713936308597948,0.735303354582509,0.756735996812732,0.778232973034394,0.799793020076651,0.821415052239574,0.843097950680848,0.864840693474218,0.886642242726674,0.908501644351768,0.930417933590813,0.952390370976335,0.974417978964745,0.996499863658039,2,2,2,2,2,2,2,2,2,2,2,2,2,2,2,2,2,2,2,2,2,2,2,2,2,2,2,2,2,2,2,2,2,2,2,2,2,2,2,2,2,2,2,2,2,2,2,2,2,2
28.21,-1,0.029342147503862,0.0455748096757889,0.0623140169551216,0.079449330213241,0.0969130613204241,0.11465903837673,0.132653579313762,0.150870930771245,0.16929068712622,0.187896282006773,0.206673942676127,0.225612023854838,0.244700540875754,0.263930880978013,0.283295432218792,0.30278747449292,0.322401101817192,0.342130883859906,0.361971995732527,0.381920080068519,0.4019711073438,0.4221214296874,0.442367663843314,0.462706624380028,0.483135577800945,0.503651678155953,0.524252580881057,0.544935832045582,0.565699282766265,0.586540919941601,0.607458836160529,0.628451131579381,0.649516141388789,0.670652226516458,0.691857801878187,0.713131543758987,0.734471980980778,0.755877812160633,0.777347764403254,0.798880590926782,0.820475312416375,0.842130651765609,0.863845659277957,0.885619390184783,0.907450717707619,0.929338827620177,0.951282901826014,0.973281952561191,0.995335221471423,2,2,2,2,2,2,2,2,2,2,2,2,2,2,2,2,2,2,2,2,2,2,2,2,2,2,2,2,2,2,2,2,2,2,2,2,2,2,2,2,2,2,2,2,2,2,2,2,2,2
28.52,-1,0.0293173301752346,0.0455348674442317,0.062258010810475,0.079376507865339,0.0968227867591762,0.11455074935229,0.132526769365539,0.150725153938558,0.169125531936343,0.187711356134786,0.206468861178279,0.225386446252674,0.244454150743032,0.263663358013514,0.283006479617431,0.302476807938231,0.322068428620007,0.341775952197205,0.361594554833615,0.381519857665516,0.401547857987253,0.421674928536627,0.441897642505213,0.46221291882467,0.48261791524554,0.503109883682561,0.523686422533646,0.544345121671627,0.565083828184749,0.585900450763184,0.606793209105145,0.62776011521459,0.648799582396087,0.669909886144029,0.691089644582222,0.712337251967353,0.733651388605438,0.755030714018447,0.776473997186755,0.797980106493378,0.819547774375781,0.84117598773574,0.8628636882745,0.884609878328411,0.90641357807175,0.928273945773216,0.950189939053358,0.972160785899811,0.994185795655813,2,2,2,2,2,2,2,2,2,2,2,2,2,2,2,2,2,2,2,2,2,2,2,2,2,2,2,2,2,2,2,2,2,2,2,2,2,2,2,2,2,2,2,2,2,2,2,2,2,2
28.83,-1,0.0292928106501993,0.0454954098687337,0.0622026878318529,0.0793045763659487,0.0967336096826765,0.114443789755722,0.132401533670098,0.150581186223781,0.168962416796453,0.187528707828034,0.20626631346503,0.225163682500371,0.244210836724996,0.263399174120691,0.282721126419856,0.302170022411575,0.321739930484803,0.34142546874695,0.361221837053504,0.381124646800272,0.401129949305026,0.421234035265429,0.441433602807975,0.461725504801914,0.482106840174897,0.502574991058934,0.523127420723778,0.543761907519457,0.564476174770964,0.585268195549094,0.606136062354826,0.627077928039382,0.648092172262964,0.669177130575694,0.690331237319728,0.711553091674791,0.732841273302991,0.75419448636465,0.775611551990305,0.79709110355944,0.81863219594271,0.840233626974243,0.861894359886001,0.883613403010902,0.905389813880013,0.927222659685611,0.949111111908264,0.971054293860671,0.993051277096738,2,2,2,2,2,2,2,2,2,2,2,2,2,2,2,2,2,2,2,2,2,2,2,2,2,2,2,2,2,2,2,2,2,2,2,2,2,2,2,2,2,2,2,2,2,2,2,2,2,2
29.14,-1,0.0292685853880193,0.0454564281301005,0.0621480354188442,0.0792335165858627,0.0966455251824263,0.114338124554017,0.132277823956789,0.150438971936934,0.168801302770431,0.187348307698652,0.206066274731769,0.224943645229072,0.243970501854349,0.26313824464408,0.282439302974056,0.301867037551894,0.321415496454443,0.341079342725498,0.36085374629126,0.380734379076065,0.400717253476153,0.420798685362731,0.440975319056031,0.461244116473706,0.481602149373,0.50204678774835,0.522575508329545,0.543186002976758,0.563876143237621,0.584643852066838,0.605487184871232,0.626404381698262,0.647393734186991,0.66845360995783,0.689582484474708,0.710778854207776,0.73204148821122,0.753368937792746,0.774760025733209,0.796213496468151,0.817728244699311,0.839303271695846,0.860937393885084,0.882629692152192,0.904379146646352,0.926184882463307,0.948046147069727,0.969961917860614,0.991931304685151,2,2,2,2,2,2,2,2,2,2,2,2,2,2,2,2,2,2,2,2,2,2,2,2,2,2,2,2,2,2,2,2,2,2,2,2,2,2,2,2,2,2,2,2,2,2,2,2,2,2
29.45,-1,0.0292446451650493,0.0454179080824969,0.0620940303103298,0.0791633028155133,0.0965584913136049,0.11423374476891,0.132155602519658,0.150298482507275,0.168642134714647,0.187170086116516,0.205868665756534,0.224726298876194,0.24373313201638,0.262880496708307,0.282160935532221,0.301567758372093,0.321095031951929,0.340737462538957,0.36049019037162,0.380348910694477,0.400309637156287,0.42036868762163,0.440522763334974,0.460768716284799,0.481103710241849,0.501525142561978,0.522030436489769,0.542617301615298,0.563283597757738,0.584027252442439,0.60484638848927,0.625739236939161,0.646703989742555,0.667739110733897,0.688843077652259,0.710014388022916,0.731251679438272,0.752553690317641,0.773919200377931,0.795346870826829,0.816835747571602,0.838384623241314,0.85999245960162,0.88165833250467,0.903381249151335,0.925160351392652,0.946994643411838,0.968883363297065,0.990825668808147,2,2,2,2,2,2,2,2,2,2,2,2,2,2,2,2,2,2,2,2,2,2,2,2,2,2,2,2,2,2,2,2,2,2,2,2,2,2,2,2,2,2,2,2,2,2,2,2,2,2
29.76,-1,0.0292209814994328,0.0453798370609878,0.0620406611815142,0.0790939260596037,0.0964724927148328,0.114130605716539,0.132034846544446,0.150159673925784,0.168484877969052,0.186994011977988,0.20567342600428,0.224511575920349,0.243498599299719,0.262625878478086,0.281885942941783,0.301272129029159,0.320778483466849,0.340399723214389,0.360131064286799,0.379968149033057,0.39990697587188,0.419943960135593,0.440075701085955,0.460299150375653,0.480611387781915,0.501009873238642,0.521492029432829,0.542055563762244,0.562698329783029,0.583418328106557,0.604213544125923,0.625082285257937,0.646022792907183,0.667033514622936,0.688112839949359,0.709259378859705,0.730471762114201,0.751748617886099,0.77308879966649,0.794491091033732,0.815954332929881,0.837477456957044,0.859059406953498,0.880699204053719,0.902395884906531,0.924148589310764,0.9459563190948,0.967818274144444,0.989733820950303,2,2,2,2,2,2,2,2,2,2,2,2,2,2,2,2,2,2,2,2,2,2,2,2,2,2,2,2,2,2,2,2,2,2,2,2,2,2,2,2,2,2,2,2,2,2,2,2,2,2
30.07,-1,0.029197592734876,0.0453422082233705,0.0619879178899539,0.0790253598905793,0.096387514617021,0.114028677086451,0.131915503912687,0.150022508211869,0.168329490025965,0.186820036946578,0.205480511555597,0.224299410839726,0.243266866956091,0.262374306405224,0.281614248898666,0.300980023450038,0.32046572691975,0.340066092220187,0.359776281594534,0.379591983391277,0.399509209103607,0.419524353651528,0.439634058894451,0.459835247679867,0.480125061302446,0.500500843781738,0.520960200691092,0.541500657817977,0.562120241420048,0.582816782761251,0.603588408679364,0.624433384831455,0.645349922262505,0.66633650451127,0.687391534644608,0.708513620487326,0.729701370310913,0.750953446417796,0.772268663011283,0.793645826992046,0.815083806194682,0.836581484067018,0.858137808976944,0.879751895584774,0.901422687622281,0.923149248214504,0.94493088491484,0.966766603346465,0.988655548067776,2,2,2,2,2,2,2,2,2,2,2,2,2,2,2,2,2,2,2,2,2,2,2,2,2,2,2,2,2,2,2,2,2,2,2,2,2,2,2,2,2,2,2,2,2,2,2,2,2,2
30.38,-1,0.029174472445599,0.0453050188149319,0.0619357832475776,0.0789575847515123,0.0963035206007926,0.113927941427563,0.131797574503056,0.149886943994183,0.16817591950788,0.186648098589137,0.205289877967037,0.224089776566172,0.243037899904815,0.26212571580874,0.281345762396567,0.300691395514411,0.320156695173374,0.33973639477273,0.359425702348771,0.379220297718694,0.399116195194854,0.419109751791379,0.439197683904346,0.459376906532183,0.479644590957773,0.499998004328764,0.52043472240734,0.540952496930304,0.561549078358503,0.582222526091193,0.60297085140352,0.623792311305355,0.644685243658067,0.665647974678562,0.686678989018632,0.707776936839547,0.72894036694376,0.750167931786274,0.771458524124739,0.792810872602248,0.814223904536071,0.835696423261864,0.85722754975672,0.878816177909165,0.900461411707151,0.922162249583215,0.943918044786928,0.965727647109294,0.987590563617249,2,2,2,2,2,2,2,2,2,2,2,2,2,2,2,2,2,2,2,2,2,2,2,2,2,2,2,2,2,2,2,2,2,2,2,2,2,2,2,2,2,2,2,2,2,2,2,2,2,2
30.69,-1,0.0291516135451605,0.0452682437963837,0.0618842434252944,0.0788905916594439,0.0962204878931639,0.113828364976715,0.131680994598899,0.149752964673394,0.168024142447892,0.186478178442518,0.205101476396422,0.223882567230604,0.24281160175938,0.261880046744369,0.281080436714288,0.300406148396643,0.319851307685341,0.339410604883287,0.359079272526032,0.378853010220797,0.3987278067514,0.418700092752437,0.438766510031636,0.458924016644415,0.47916980477409,0.499501106646069,0.519915536091328,0.540410837860174,0.56098473232594,0.581635343762881,0.602360652417753,0.623158948360616,0.644028510068118,0.664967710400689,0.685975056294207,0.707049094370133,0.728188479556813,0.74939192145692,0.770658135736289,0.791986011617984,0.813374353769062,0.834822110075916,0.856328257232073,0.877891783501864,0.899511777913667,0.921187346328672,0.942917461620478,0.964701441585038,0.986538457729637,2,2,2,2,2,2,2,2,2,2,2,2,2,2,2,2,2,2,2,2,2,2,2,2,2,2,2,2,2,2,2,2,2,2,2,2,2,2,2,2,2,2,2,2,2,2,2,2,2,2
31,-1,0.0291290084455181,0.0452318913391914,0.0618332893376561,0.0788243658131661,0.0961384018232102,0.113729935636811,0.131565766083687,0.149620517327096,0.167874106823311,0.186310201775911,0.204915230380855,0.223677741085306,0.242587921946992,0.261637206610908,0.280818199686184,0.300124233432013,0.319549479265373,0.339088603850649,0.358736894745666,0.378490015837685,0.398343990925898,0.418295236485713,0.438340407358089,0.458476506505409,0.478700570598187,0.499010081580162,0.519402497451513,0.539875562006842,0.560427076282749,0.581055135943782,0.601757739621722,0.622533100998997,0.643379551687432,0.664295528529971,0.685279459550046,0.70632991011144,0.7274455956313,0.748625164917994,0.769867328852797,0.791170992434147,0.812534976168335,0.833958284466897,0.855439749115361,0.87697849520385,0.898573540538073,0.920224004474955,0.941928884446458,0.963687532333178,0.985499101719548,2,2,2,2,2,2,2,2,2,2,2,2,2,2,2,2,2,2,2,2,2,2,2,2,2,2,2,2,2,2,2,2,2,2,2,2,2,2,2,2,2,2,2,2,2,2,2,2,2,2
